trip_id,gender,starttime,stoptime,tripduration,temperature,events,from_station_id,dpcapacity_start,to_station_id,dpcapacity_end
2331610,Female,2014-06-29 13:35:00,2014-06-29 13:56:00,20.75,82.9,cloudy,178,15.0,76,39.0
2347603,Female,2014-06-30 12:07:00,2014-06-30 12:37:00,30.15,82.0,cloudy,211,19.0,177,15.0
2345120,Male,2014-06-30 08:36:00,2014-06-30 08:43:00,6.516666666666668,75.0,cloudy,340,15.0,67,15.0
2347527,Male,2014-06-30 12:00:00,2014-06-30 12:08:00,7.25,82.0,cloudy,56,19.0,56,19.0
2344421,Male,2014-06-30 08:04:00,2014-06-30 08:11:00,7.316666666666666,75.0,cloudy,77,23.0,37,19.0
2336431,Male,2014-06-29 16:31:00,2014-06-29 16:53:00,21.816666666666666,84.9,cloudy,349,15.0,13,19.0
2351574,Male,2014-06-30 16:55:00,2014-06-30 17:07:00,11.783333333333333,84.0,cloudy,190,15.0,93,15.0
2351672,Male,2014-06-30 16:58:00,2014-06-30 17:13:00,15.533333333333333,84.0,cloudy,37,19.0,289,19.0
2351751,Male,2014-06-30 17:00:00,2014-06-30 17:07:00,7.566666666666666,84.0,cloudy,169,15.0,134,19.0
2331505,Female,2014-06-29 13:29:00,2014-06-29 13:36:00,7.716666666666668,82.9,cloudy,181,31.0,106,27.0
2336748,Male,2014-06-29 16:44:00,2014-06-29 17:05:00,21.08333333333333,84.9,cloudy,268,15.0,232,23.0
2350914,Male,2014-06-30 16:27:00,2014-06-30 16:36:00,8.3,84.0,cloudy,49,27.0,191,23.0
2341339,Female,2014-06-29 20:48:00,2014-06-29 21:15:00,26.88333333333333,81.0,cloudy,99,19.0,62,27.0
2352857,Female,2014-06-30 17:36:00,2014-06-30 17:40:00,4.4,84.0,cloudy,304,15.0,303,15.0
2340830,Female,2014-06-29 20:11:00,2014-06-29 20:19:00,7.5166666666666675,81.0,cloudy,123,15.0,116,15.0
2343445,Male,2014-06-30 07:00:00,2014-06-30 07:03:00,3.083333333333333,73.0,cloudy,74,23.0,48,27.0
2338352,Male,2014-06-29 17:59:00,2014-06-29 18:11:00,11.7,84.9,cloudy,84,19.0,134,19.0
2338548,Male,2014-06-29 18:07:00,2014-06-29 18:41:00,33.9,84.2,cloudy,349,15.0,73,19.0
2338565,Male,2014-06-29 18:08:00,2014-06-29 18:25:00,17.183333333333334,84.2,cloudy,176,19.0,152,15.0
2340701,Male,2014-06-29 19:58:00,2014-06-29 20:28:00,30.36666666666667,82.0,cloudy,234,19.0,293,19.0
2338809,Male,2014-06-29 18:22:00,2014-06-29 18:43:00,21.233333333333334,84.2,cloudy,254,15.0,249,15.0
2349824,Male,2014-06-30 15:15:00,2014-06-30 15:29:00,13.45,84.9,cloudy,283,23.0,186,15.0
2352795,Male,2014-06-30 17:34:00,2014-06-30 17:51:00,17.233333333333334,84.0,cloudy,168,19.0,168,19.0
2350998,Male,2014-06-30 16:26:00,2014-06-30 16:35:00,9.2,84.0,cloudy,52,31.0,91,31.0
2349370,Male,2014-06-30 14:37:00,2014-06-30 14:48:00,11.433333333333335,87.1,cloudy,290,15.0,213,15.0
2354718,Male,2014-06-30 19:49:00,2014-06-30 20:07:00,18.733333333333334,73.0,tstorms,55,15.0,55,15.0
2351674,Male,2014-06-30 16:58:00,2014-06-30 17:06:00,8.1,84.0,cloudy,264,19.0,66,19.0
2338317,Male,2014-06-29 17:57:00,2014-06-29 18:34:00,37.3,84.9,cloudy,263,11.0,75,23.0
2342680,Male,2014-06-29 23:22:00,2014-06-29 23:28:00,5.416666666666668,78.1,cloudy,350,15.0,214,15.0
2341145,Male,2014-06-29 20:33:00,2014-06-29 21:02:00,28.766666666666666,81.0,cloudy,341,19.0,150,11.0
2352020,Male,2014-06-30 17:06:00,2014-06-30 17:15:00,9.116666666666667,84.0,cloudy,264,19.0,212,31.0
2334784,Male,2014-06-29 15:27:00,2014-06-29 15:54:00,26.91666666666667,82.9,cloudy,324,15.0,295,15.0
2344311,Male,2014-06-30 07:57:00,2014-06-30 08:11:00,14.133333333333333,73.0,cloudy,75,23.0,35,39.0
2343074,Male,2014-06-30 05:35:00,2014-06-30 05:41:00,5.9833333333333325,73.0,cloudy,332,15.0,327,19.0
2341720,Female,2014-06-29 21:15:00,2014-06-29 21:19:00,3.5166666666666666,79.0,cloudy,248,15.0,322,15.0
2353889,Male,2014-06-30 18:18:00,2014-06-30 18:21:00,2.9166666666666665,82.0,tstorms,309,11.0,158,15.0
2342764,Male,2014-06-29 23:50:00,2014-06-30 00:13:00,23.48333333333333,78.1,cloudy,244,19.0,303,15.0
2352400,Female,2014-06-30 17:20:00,2014-06-30 17:42:00,21.95,84.0,cloudy,81,39.0,340,15.0
2331873,Male,2014-06-29 13:46:00,2014-06-29 14:10:00,24.91666666666667,82.9,cloudy,156,15.0,94,19.0
2351727,Male,2014-06-30 16:59:00,2014-06-30 17:16:00,16.633333333333333,84.0,cloudy,134,19.0,69,19.0
2345935,Male,2014-06-30 09:22:00,2014-06-30 09:30:00,7.6,78.1,cloudy,255,31.0,90,35.0
2353412,Male,2014-06-30 17:56:00,2014-06-30 18:23:00,26.88333333333333,84.0,cloudy,51,31.0,223,15.0
2349890,Male,2014-06-30 15:22:00,2014-06-30 15:30:00,8.0,84.9,cloudy,181,31.0,106,27.0
2336202,Male,2014-06-29 16:22:00,2014-06-29 16:29:00,6.833333333333332,84.9,cloudy,268,15.0,143,15.0
2332401,Male,2014-06-29 14:04:00,2014-06-29 14:32:00,28.3,84.0,cloudy,312,15.0,94,19.0
2348888,Male,2014-06-30 13:56:00,2014-06-30 13:59:00,3.15,84.9,cloudy,60,19.0,93,15.0
2347827,Male,2014-06-30 12:20:00,2014-06-30 12:31:00,11.85,82.0,cloudy,287,27.0,291,19.0
2335752,Male,2014-06-29 16:05:00,2014-06-29 16:12:00,7.05,84.9,cloudy,144,15.0,87,19.0
2346051,Male,2014-06-30 09:33:00,2014-06-30 09:49:00,16.85,78.1,cloudy,120,15.0,51,31.0
2348804,Male,2014-06-30 13:49:00,2014-06-30 13:57:00,8.366666666666667,84.9,cloudy,51,31.0,26,31.0
2337626,Male,2014-06-29 17:22:00,2014-06-29 17:30:00,8.1,84.9,cloudy,16,11.0,309,11.0
2336628,Male,2014-06-29 16:39:00,2014-06-29 16:55:00,16.25,84.9,cloudy,154,15.0,69,19.0
2349449,Male,2014-06-30 14:44:00,2014-06-30 14:49:00,5.466666666666668,87.1,cloudy,185,11.0,290,15.0
2352026,Male,2014-06-30 17:08:00,2014-06-30 17:18:00,9.366666666666667,84.0,cloudy,195,31.0,91,31.0
2339115,Male,2014-06-29 18:36:00,2014-06-29 18:41:00,4.35,84.2,cloudy,114,27.0,232,23.0
2345532,Male,2014-06-30 08:56:00,2014-06-30 09:00:00,3.9166666666666665,75.0,cloudy,174,23.0,98,15.0
2332243,Male,2014-06-29 13:58:00,2014-06-29 14:24:00,26.33333333333333,82.9,cloudy,333,15.0,93,15.0
2346818,Male,2014-06-30 10:52:00,2014-06-30 10:59:00,6.833333333333332,78.1,cloudy,48,27.0,291,19.0
2353493,Male,2014-06-30 17:59:00,2014-06-30 18:17:00,17.933333333333334,84.0,cloudy,66,19.0,69,19.0
2337808,Female,2014-06-29 17:31:00,2014-06-29 17:47:00,16.416666666666668,84.9,cloudy,35,39.0,255,31.0
2354440,Male,2014-06-30 18:52:00,2014-06-30 18:56:00,4.166666666666667,82.0,tstorms,75,23.0,198,19.0
2344857,Male,2014-06-30 08:25:00,2014-06-30 08:35:00,10.116666666666667,75.0,cloudy,77,23.0,37,19.0
2338197,Male,2014-06-29 17:51:00,2014-06-29 18:09:00,18.766666666666666,84.9,cloudy,177,15.0,99,19.0
2349939,Male,2014-06-30 15:24:00,2014-06-30 15:30:00,5.4,84.9,cloudy,72,15.0,338,15.0
2347092,Male,2014-06-30 11:22:00,2014-06-30 11:32:00,9.733333333333333,79.0,cloudy,110,23.0,194,11.0
2347136,Female,2014-06-30 11:26:00,2014-06-30 11:31:00,4.966666666666667,79.0,cloudy,74,23.0,181,31.0
2342887,Male,2014-06-30 00:38:00,2014-06-30 00:43:00,5.616666666666666,78.1,cloudy,226,15.0,300,15.0
2344767,Female,2014-06-30 08:20:00,2014-06-30 08:41:00,21.116666666666667,75.0,cloudy,220,19.0,173,15.0
2351335,Male,2014-06-30 16:47:00,2014-06-30 16:53:00,6.1,84.0,cloudy,51,31.0,192,39.0
2348169,Male,2014-06-30 12:54:00,2014-06-30 13:02:00,8.4,82.0,cloudy,66,19.0,110,23.0
2354487,Male,2014-06-30 18:56:00,2014-06-30 19:05:00,8.833333333333334,82.0,tstorms,118,19.0,34,15.0
2345814,Male,2014-06-30 09:13:00,2014-06-30 09:30:00,16.916666666666668,78.1,cloudy,24,15.0,90,35.0
2344619,Male,2014-06-30 08:14:00,2014-06-30 08:38:00,23.66666666666667,75.0,cloudy,131,15.0,110,23.0
2336070,Female,2014-06-29 16:16:00,2014-06-29 16:36:00,19.983333333333334,84.9,cloudy,97,35.0,137,15.0
2353002,Male,2014-06-30 17:40:00,2014-06-30 17:46:00,5.133333333333334,84.0,cloudy,210,19.0,183,15.0
2334944,Male,2014-06-29 15:33:00,2014-06-29 16:09:00,35.65,82.9,cloudy,249,15.0,234,19.0
2352711,Male,2014-06-30 17:31:00,2014-06-30 17:41:00,9.916666666666666,84.0,cloudy,212,31.0,192,39.0
2346848,Male,2014-06-30 10:55:00,2014-06-30 11:02:00,7.116666666666666,78.1,cloudy,240,23.0,117,23.0
2334688,Male,2014-06-29 15:23:00,2014-06-29 15:46:00,23.466666666666665,82.9,cloudy,324,15.0,85,23.0
2346252,Female,2014-06-30 09:50:00,2014-06-30 09:58:00,8.016666666666667,78.1,cloudy,144,15.0,60,19.0
2343617,Male,2014-06-30 07:16:00,2014-06-30 07:22:00,5.85,73.0,cloudy,292,11.0,229,19.0
2344957,Male,2014-06-30 08:29:00,2014-06-30 08:40:00,11.433333333333335,75.0,cloudy,232,23.0,251,15.0
2339764,Male,2014-06-29 19:12:00,2014-06-29 19:28:00,16.116666666666667,82.0,cloudy,164,23.0,30,15.0
2339479,Female,2014-06-29 18:54:00,2014-06-29 19:13:00,18.666666666666668,84.2,cloudy,225,15.0,157,15.0
2344240,Female,2014-06-30 07:52:00,2014-06-30 08:01:00,9.35,73.0,cloudy,310,11.0,87,19.0
2351425,Female,2014-06-30 16:50:00,2014-06-30 16:52:00,2.083333333333333,84.0,cloudy,314,15.0,244,19.0
2351605,Male,2014-06-30 16:53:00,2014-06-30 17:05:00,11.95,84.0,cloudy,120,15.0,279,15.0
2334617,Male,2014-06-29 15:21:00,2014-06-29 15:59:00,38.05,82.9,cloudy,346,15.0,215,15.0
2338547,Male,2014-06-29 18:07:00,2014-06-29 18:21:00,14.466666666666667,84.2,cloudy,176,19.0,71,15.0
2340148,Male,2014-06-29 19:33:00,2014-06-29 19:41:00,7.466666666666668,82.0,cloudy,94,19.0,127,15.0
2354544,Male,2014-06-30 19:02:00,2014-06-30 19:09:00,6.716666666666668,73.0,tstorms,344,15.0,234,19.0
2354549,Male,2014-06-30 19:03:00,2014-06-30 19:09:00,6.65,73.0,tstorms,114,27.0,347,15.0
2343237,Male,2014-06-30 06:35:00,2014-06-30 06:52:00,17.6,73.0,cloudy,168,19.0,76,39.0
2353805,Male,2014-06-30 18:14:00,2014-06-30 18:19:00,5.633333333333334,82.0,tstorms,91,31.0,80,19.0
2345494,Female,2014-06-30 08:55:00,2014-06-30 09:05:00,9.933333333333334,75.0,cloudy,192,39.0,43,43.0
2345516,Male,2014-06-30 08:55:00,2014-06-30 09:00:00,5.166666666666667,75.0,cloudy,77,23.0,80,19.0
2349455,Female,2014-06-30 14:44:00,2014-06-30 15:04:00,19.85,87.1,cloudy,71,15.0,291,19.0
2352905,Male,2014-06-30 17:38:00,2014-06-30 18:01:00,23.4,84.0,cloudy,90,35.0,274,15.0
2349049,Male,2014-06-30 14:10:00,2014-06-30 14:24:00,13.366666666666667,87.1,cloudy,44,27.0,198,19.0
2333292,Male,2014-06-29 14:34:00,2014-06-29 14:49:00,15.1,84.0,cloudy,115,23.0,165,19.0
2342336,Male,2014-06-29 22:28:00,2014-06-29 22:38:00,9.45,78.1,cloudy,154,15.0,246,11.0
2345149,Male,2014-06-30 08:38:00,2014-06-30 08:47:00,9.3,75.0,cloudy,59,19.0,170,15.0
2338660,Female,2014-06-29 18:12:00,2014-06-29 18:43:00,31.0,84.2,cloudy,177,15.0,332,15.0
2341225,Male,2014-06-29 20:39:00,2014-06-29 21:14:00,35.016666666666666,81.0,cloudy,85,23.0,14,15.0
2343302,Female,2014-06-30 06:41:00,2014-06-30 06:48:00,6.8,73.0,cloudy,276,11.0,69,19.0
2344562,Male,2014-06-30 08:12:00,2014-06-30 08:18:00,6.65,75.0,cloudy,43,43.0,174,23.0
2343592,Female,2014-06-30 07:09:00,2014-06-30 07:36:00,26.65,73.0,cloudy,297,15.0,93,15.0
2344473,Male,2014-06-30 08:06:00,2014-06-30 08:13:00,6.45,75.0,cloudy,287,27.0,91,31.0
2350673,Male,2014-06-30 16:12:00,2014-06-30 16:25:00,12.133333333333333,84.0,cloudy,51,31.0,301,19.0
2353814,Male,2014-06-30 18:14:00,2014-06-30 18:29:00,15.216666666666667,82.0,tstorms,168,19.0,43,43.0
2332398,Female,2014-06-29 14:04:00,2014-06-29 14:10:00,5.766666666666668,84.0,cloudy,209,11.0,120,15.0
2334744,Male,2014-06-29 15:26:00,2014-06-29 15:34:00,8.25,82.9,cloudy,198,19.0,66,19.0
2348254,Male,2014-06-30 13:03:00,2014-06-30 13:14:00,11.716666666666667,84.9,cloudy,318,15.0,311,15.0
2343661,Male,2014-06-30 07:20:00,2014-06-30 07:30:00,10.516666666666667,73.0,cloudy,15,15.0,280,11.0
2353389,Male,2014-06-30 17:55:00,2014-06-30 18:02:00,6.8,84.0,cloudy,210,19.0,305,15.0
2348103,Female,2014-06-30 12:50:00,2014-06-30 12:56:00,5.9,82.0,cloudy,113,15.0,331,19.0
2353703,Male,2014-06-30 18:09:00,2014-06-30 18:32:00,23.48333333333333,82.0,tstorms,52,31.0,16,11.0
2343517,Male,2014-06-30 07:08:00,2014-06-30 07:18:00,10.016666666666667,73.0,cloudy,50,27.0,195,31.0
2351496,Female,2014-06-30 16:52:00,2014-06-30 16:59:00,6.55,84.0,cloudy,244,19.0,308,11.0
2332643,Female,2014-06-29 14:11:00,2014-06-29 14:20:00,9.166666666666666,84.0,cloudy,291,19.0,212,31.0
2352918,Female,2014-06-30 17:38:00,2014-06-30 17:49:00,11.366666666666667,84.0,cloudy,174,23.0,90,35.0
2345454,Male,2014-06-30 08:52:00,2014-06-30 08:58:00,6.0,75.0,cloudy,36,31.0,100,23.0
2352036,Female,2014-06-30 17:08:00,2014-06-30 17:13:00,4.733333333333333,84.0,cloudy,130,15.0,16,11.0
2340128,Male,2014-06-29 19:32:00,2014-06-29 19:49:00,17.583333333333332,82.0,cloudy,76,39.0,341,19.0
2352250,Male,2014-06-30 17:15:00,2014-06-30 17:20:00,5.15,84.0,cloudy,118,19.0,288,11.0
2344345,Male,2014-06-30 08:00:00,2014-06-30 08:07:00,7.216666666666668,75.0,cloudy,37,19.0,194,11.0
2338757,Male,2014-06-29 18:18:00,2014-06-29 18:34:00,15.5,84.2,cloudy,174,23.0,22,15.0
2343113,Male,2014-06-30 06:02:00,2014-06-30 06:06:00,4.033333333333333,73.0,cloudy,153,19.0,115,23.0
2337013,Female,2014-06-29 16:54:00,2014-06-29 17:20:00,25.7,84.9,cloudy,118,19.0,326,11.0
2339012,Female,2014-06-29 18:31:00,2014-06-29 19:10:00,38.38333333333333,84.2,cloudy,34,15.0,114,27.0
2343454,Male,2014-06-30 07:02:00,2014-06-30 07:06:00,4.633333333333334,73.0,cloudy,69,19.0,160,15.0
2332706,Female,2014-06-29 14:14:00,2014-06-29 14:17:00,3.4166666666666665,84.0,cloudy,302,19.0,152,15.0
2353305,Male,2014-06-30 17:51:00,2014-06-30 17:56:00,5.0,84.0,cloudy,195,31.0,81,39.0
2344660,Male,2014-06-30 08:16:00,2014-06-30 08:24:00,8.55,75.0,cloudy,191,23.0,181,31.0
2352761,Male,2014-06-30 17:33:00,2014-06-30 17:40:00,7.2,84.0,cloudy,71,15.0,75,23.0
2353277,Male,2014-06-30 17:50:00,2014-06-30 18:08:00,17.616666666666667,84.0,cloudy,198,19.0,183,15.0
2340101,Male,2014-06-29 19:30:00,2014-06-29 19:48:00,18.366666666666667,82.0,cloudy,286,23.0,130,15.0
2351677,Female,2014-06-30 16:57:00,2014-06-30 17:07:00,9.466666666666667,84.0,cloudy,261,15.0,21,15.0
2346809,Male,2014-06-30 10:52:00,2014-06-30 11:08:00,16.4,78.1,cloudy,303,15.0,238,15.0
2351366,Male,2014-06-30 16:48:00,2014-06-30 17:12:00,23.83333333333333,84.0,cloudy,126,15.0,158,15.0
2337456,Female,2014-06-29 17:14:00,2014-06-29 17:17:00,3.2666666666666666,84.9,cloudy,219,11.0,310,11.0
2345074,Male,2014-06-30 08:34:00,2014-06-30 08:38:00,3.966666666666667,75.0,cloudy,272,11.0,147,15.0
2347405,Male,2014-06-30 11:47:00,2014-06-30 11:54:00,6.4,79.0,cloudy,19,15.0,342,15.0
2339183,Male,2014-06-29 18:41:00,2014-06-29 19:00:00,19.233333333333334,84.2,cloudy,177,15.0,26,31.0
2352683,Female,2014-06-30 17:28:00,2014-06-30 17:47:00,19.683333333333334,84.0,cloudy,91,31.0,255,31.0
2347624,Male,2014-06-30 12:09:00,2014-06-30 12:20:00,11.8,82.0,cloudy,112,15.0,53,19.0
2338311,Female,2014-06-29 17:57:00,2014-06-29 18:11:00,14.2,84.9,cloudy,56,19.0,57,15.0
2351400,Male,2014-06-30 16:50:00,2014-06-30 17:04:00,14.583333333333336,84.0,cloudy,106,27.0,91,31.0
2351143,Male,2014-06-30 16:38:00,2014-06-30 16:45:00,7.216666666666668,84.0,cloudy,264,19.0,164,23.0
2339778,Female,2014-06-29 19:13:00,2014-06-29 19:21:00,8.016666666666667,82.0,cloudy,344,15.0,297,15.0
2334632,Male,2014-06-29 15:22:00,2014-06-29 15:37:00,15.033333333333333,82.9,cloudy,334,19.0,289,19.0
2350917,Male,2014-06-30 16:27:00,2014-06-30 16:29:00,2.066666666666667,84.0,cloudy,152,15.0,302,19.0
2341760,Female,2014-06-29 21:20:00,2014-06-29 21:26:00,6.216666666666668,79.0,cloudy,300,15.0,329,15.0
2332198,Male,2014-06-29 13:56:00,2014-06-29 14:12:00,15.716666666666667,82.9,cloudy,315,11.0,290,15.0
2344977,Male,2014-06-30 08:30:00,2014-06-30 08:34:00,3.95,75.0,cloudy,28,15.0,118,19.0
2352320,Female,2014-06-30 17:17:00,2014-06-30 17:45:00,27.73333333333333,84.0,cloudy,249,15.0,324,15.0
2338104,Male,2014-06-29 17:44:00,2014-06-29 18:04:00,19.9,84.9,cloudy,165,19.0,141,23.0
2341930,Female,2014-06-29 21:36:00,2014-06-29 21:47:00,11.2,79.0,cloudy,268,15.0,113,15.0
2348512,Female,2014-06-30 13:25:00,2014-06-30 13:36:00,10.166666666666666,84.9,cloudy,20,15.0,92,19.0
2352406,Male,2014-06-30 17:20:00,2014-06-30 17:25:00,4.733333333333333,84.0,cloudy,284,23.0,321,19.0
2338071,Male,2014-06-29 17:43:00,2014-06-29 18:08:00,25.08333333333333,84.9,cloudy,16,11.0,340,15.0
2352448,Male,2014-06-30 17:21:00,2014-06-30 17:48:00,27.0,84.0,cloudy,164,23.0,15,15.0
2343943,Male,2014-06-30 07:39:00,2014-06-30 07:50:00,11.316666666666665,73.0,cloudy,301,19.0,49,27.0
2352087,Male,2014-06-30 17:07:00,2014-06-30 17:23:00,16.05,84.0,cloudy,91,31.0,138,15.0
2339857,Male,2014-06-29 19:17:00,2014-06-29 19:36:00,19.533333333333328,82.0,cloudy,117,23.0,324,15.0
2332104,Female,2014-06-29 13:54:00,2014-06-29 14:17:00,23.5,82.9,cloudy,277,15.0,199,15.0
2350106,Male,2014-06-30 15:35:00,2014-06-30 15:51:00,16.366666666666667,84.9,cloudy,33,27.0,84,19.0
2344762,Male,2014-06-30 08:20:00,2014-06-30 08:29:00,8.566666666666666,75.0,cloudy,43,43.0,174,23.0
2351014,Female,2014-06-30 16:31:00,2014-06-30 16:43:00,12.25,84.0,cloudy,110,23.0,192,39.0
2338425,Female,2014-06-29 18:02:00,2014-06-29 18:14:00,11.483333333333333,84.2,cloudy,255,31.0,90,35.0
2343236,Female,2014-06-30 06:35:00,2014-06-30 06:40:00,5.016666666666667,73.0,cloudy,190,15.0,67,15.0
2339713,Female,2014-06-29 19:09:00,2014-06-29 19:21:00,11.316666666666665,82.0,cloudy,302,19.0,230,19.0
2331669,Female,2014-06-29 13:38:00,2014-06-29 13:52:00,13.916666666666664,82.9,cloudy,13,19.0,20,15.0
2353506,Male,2014-06-30 18:00:00,2014-06-30 18:09:00,9.416666666666666,82.0,tstorms,177,15.0,156,15.0
2352319,Female,2014-06-30 17:17:00,2014-06-30 17:26:00,9.35,84.0,cloudy,43,43.0,5,19.0
2352719,Male,2014-06-30 17:31:00,2014-06-30 17:37:00,5.866666666666666,84.0,cloudy,138,15.0,289,19.0
2336553,Female,2014-06-29 16:36:00,2014-06-29 16:48:00,12.416666666666664,84.9,cloudy,332,15.0,250,19.0
2353056,Female,2014-06-30 17:42:00,2014-06-30 17:51:00,8.766666666666667,84.0,cloudy,176,19.0,94,19.0
2335260,Male,2014-06-29 15:47:00,2014-06-29 16:13:00,26.1,82.9,cloudy,264,19.0,268,15.0
2351678,Female,2014-06-30 16:58:00,2014-06-30 17:01:00,3.333333333333333,84.0,cloudy,213,15.0,159,9.0
2340477,Male,2014-06-29 19:51:00,2014-06-29 20:05:00,13.916666666666664,82.0,cloudy,327,19.0,299,15.0
2341171,Male,2014-06-29 20:35:00,2014-06-29 20:46:00,10.983333333333333,81.0,cloudy,93,15.0,153,19.0
2350877,Female,2014-06-30 16:25:00,2014-06-30 16:40:00,14.716666666666667,84.0,cloudy,137,15.0,280,11.0
2351710,Male,2014-06-30 16:59:00,2014-06-30 17:03:00,4.633333333333334,84.0,cloudy,37,19.0,192,39.0
2334946,Male,2014-06-29 15:33:00,2014-06-29 15:47:00,13.3,82.9,cloudy,343,15.0,177,15.0
2346480,Male,2014-06-30 10:17:00,2014-06-30 10:42:00,24.88333333333333,78.1,cloudy,272,11.0,284,23.0
2335266,Female,2014-06-29 15:47:00,2014-06-29 15:57:00,9.633333333333333,82.9,cloudy,343,15.0,93,15.0
2351856,Male,2014-06-30 17:04:00,2014-06-30 17:13:00,9.333333333333334,84.0,cloudy,195,31.0,91,31.0
2339206,Female,2014-06-29 18:42:00,2014-06-29 19:05:00,23.65,84.2,cloudy,176,19.0,329,15.0
2343736,Male,2014-06-30 07:25:00,2014-06-30 07:37:00,11.983333333333333,73.0,cloudy,291,19.0,52,31.0
2342166,Female,2014-06-29 22:03:00,2014-06-29 22:10:00,6.6,78.1,cloudy,326,11.0,242,15.0
2347637,Male,2014-06-30 12:09:00,2014-06-30 12:22:00,12.55,82.0,cloudy,24,15.0,91,31.0
2351226,Male,2014-06-30 16:42:00,2014-06-30 17:00:00,17.266666666666666,84.0,cloudy,51,31.0,61,15.0
2346964,Male,2014-06-30 11:09:00,2014-06-30 11:13:00,4.066666666666666,79.0,cloudy,196,19.0,47,19.0
2346583,Male,2014-06-30 10:31:00,2014-06-30 10:46:00,14.5,78.1,cloudy,207,15.0,108,19.0
2346569,Male,2014-06-30 10:30:00,2014-06-30 10:56:00,25.73333333333333,78.1,cloudy,313,19.0,313,19.0
2340978,Male,2014-06-29 20:22:00,2014-06-29 20:41:00,19.016666666666666,81.0,cloudy,268,15.0,268,15.0
2336751,Male,2014-06-29 16:44:00,2014-06-29 16:53:00,8.683333333333334,84.9,cloudy,301,19.0,94,19.0
2338598,Male,2014-06-29 18:08:00,2014-06-29 18:17:00,8.316666666666666,84.2,cloudy,330,19.0,114,27.0
2333013,Male,2014-06-29 14:24:00,2014-06-29 14:33:00,8.733333333333333,84.0,cloudy,250,19.0,156,15.0
2345612,Male,2014-06-30 08:59:00,2014-06-30 09:28:00,29.11666666666667,75.0,cloudy,119,19.0,20,15.0
2341697,Female,2014-06-29 21:13:00,2014-06-29 21:23:00,10.133333333333333,79.0,cloudy,144,15.0,115,23.0
2346246,Male,2014-06-30 09:50:00,2014-06-30 10:04:00,14.4,78.1,cloudy,168,19.0,287,27.0
2352797,Male,2014-06-30 17:34:00,2014-06-30 17:43:00,8.516666666666667,84.0,cloudy,286,23.0,90,35.0
2351388,Male,2014-06-30 16:49:00,2014-06-30 17:09:00,19.866666666666667,84.0,cloudy,66,19.0,273,15.0
2342788,Male,2014-06-29 23:53:00,2014-06-30 00:06:00,12.8,78.1,cloudy,67,15.0,117,23.0
2331967,Male,2014-06-29 13:49:00,2014-06-29 13:53:00,4.633333333333334,82.9,cloudy,195,31.0,51,31.0
2343373,Male,2014-06-30 06:49:00,2014-06-30 07:00:00,10.533333333333333,73.0,cloudy,174,23.0,26,31.0
2345782,Male,2014-06-30 09:11:00,2014-06-30 09:23:00,11.333333333333336,78.1,cloudy,199,15.0,283,23.0
2351848,Male,2014-06-30 17:03:00,2014-06-30 17:26:00,23.266666666666666,84.0,cloudy,286,23.0,25,23.0
2351827,Male,2014-06-30 17:03:00,2014-06-30 17:06:00,3.6666666666666665,84.0,cloudy,134,19.0,192,39.0
2353711,Male,2014-06-30 18:09:00,2014-06-30 18:19:00,9.3,82.0,tstorms,69,19.0,123,15.0
2351929,Male,2014-06-30 17:06:00,2014-06-30 17:12:00,5.783333333333332,84.0,cloudy,158,15.0,16,11.0
2351752,Male,2014-06-30 16:57:00,2014-06-30 17:18:00,21.133333333333333,84.0,cloudy,75,23.0,305,15.0
2343398,Male,2014-06-30 06:53:00,2014-06-30 06:57:00,3.566666666666667,73.0,cloudy,192,39.0,283,23.0
2343962,Male,2014-06-30 07:38:00,2014-06-30 07:40:00,2.3,73.0,cloudy,93,15.0,60,19.0
2344075,Male,2014-06-30 07:47:00,2014-06-30 07:54:00,6.85,73.0,cloudy,66,19.0,47,19.0
2332299,Male,2014-06-29 14:00:00,2014-06-29 14:17:00,16.333333333333332,84.0,cloudy,177,15.0,249,15.0
2343187,Male,2014-06-30 06:28:00,2014-06-30 06:38:00,10.033333333333333,73.0,cloudy,190,15.0,20,15.0
2344731,Male,2014-06-30 08:20:00,2014-06-30 08:32:00,12.45,75.0,cloudy,75,23.0,51,31.0
2350115,Male,2014-06-30 15:35:00,2014-06-30 15:56:00,21.48333333333333,84.9,cloudy,36,31.0,350,15.0
2350788,Male,2014-06-30 16:20:00,2014-06-30 16:32:00,11.95,84.0,cloudy,149,11.0,149,11.0
2344797,Male,2014-06-30 08:22:00,2014-06-30 08:25:00,3.3,75.0,cloudy,316,19.0,344,15.0
2342324,Male,2014-06-29 22:26:00,2014-06-29 22:38:00,11.233333333333333,78.1,cloudy,120,15.0,280,11.0
2333178,Female,2014-06-29 14:30:00,2014-06-29 14:53:00,23.08333333333333,84.0,cloudy,150,11.0,247,15.0
2346655,Male,2014-06-30 10:37:00,2014-06-30 11:23:00,46.48333333333333,78.1,cloudy,157,15.0,164,23.0
2343777,Male,2014-06-30 07:29:00,2014-06-30 07:45:00,15.7,73.0,cloudy,192,39.0,120,15.0
2354481,Female,2014-06-30 18:55:00,2014-06-30 19:19:00,23.9,82.0,tstorms,232,23.0,156,15.0
2351837,Male,2014-06-30 17:03:00,2014-06-30 17:19:00,15.733333333333333,84.0,cloudy,28,15.0,350,15.0
2350694,Male,2014-06-30 16:14:00,2014-06-30 16:18:00,4.5,84.0,cloudy,181,31.0,111,19.0
2333345,Male,2014-06-29 14:36:00,2014-06-29 14:57:00,20.933333333333334,84.0,cloudy,177,15.0,312,15.0
2352571,Male,2014-06-30 17:26:00,2014-06-30 17:38:00,12.366666666666667,84.0,cloudy,93,15.0,258,19.0
2351868,Male,2014-06-30 17:04:00,2014-06-30 17:08:00,4.116666666666666,84.0,cloudy,195,31.0,43,43.0
2347621,Male,2014-06-30 12:09:00,2014-06-30 12:33:00,24.86666666666667,82.0,cloudy,77,23.0,301,19.0
2353457,Male,2014-06-30 17:58:00,2014-06-30 18:08:00,9.9,84.0,cloudy,152,15.0,227,15.0
2348064,Male,2014-06-30 12:47:00,2014-06-30 12:54:00,6.966666666666668,82.0,cloudy,198,19.0,84,19.0
2350322,Female,2014-06-30 15:50:00,2014-06-30 16:03:00,12.55,84.9,cloudy,100,23.0,186,15.0
2343897,Male,2014-06-30 07:37:00,2014-06-30 07:54:00,17.2,73.0,cloudy,220,19.0,53,19.0
2339298,Male,2014-06-29 18:46:00,2014-06-29 19:01:00,14.45,84.2,cloudy,260,19.0,130,15.0
2344057,Female,2014-06-30 07:46:00,2014-06-30 07:52:00,5.7,73.0,cloudy,239,15.0,344,15.0
2344853,Male,2014-06-30 08:25:00,2014-06-30 08:39:00,14.433333333333335,75.0,cloudy,48,27.0,134,19.0
2352075,Male,2014-06-30 17:10:00,2014-06-30 17:18:00,8.416666666666666,84.0,cloudy,43,43.0,174,23.0
2350492,Male,2014-06-30 16:01:00,2014-06-30 16:27:00,26.45,84.0,cloudy,100,23.0,127,15.0
2354454,Female,2014-06-30 18:53:00,2014-06-30 19:09:00,16.133333333333333,82.0,tstorms,17,15.0,305,15.0
2337105,Male,2014-06-29 16:59:00,2014-06-29 17:23:00,24.216666666666665,84.9,cloudy,177,15.0,177,15.0
2340733,Male,2014-06-29 20:04:00,2014-06-29 20:20:00,15.333333333333336,81.0,cloudy,35,39.0,45,15.0
2334807,Male,2014-06-29 15:28:00,2014-06-29 15:36:00,7.65,82.9,cloudy,205,15.0,14,15.0
2351822,Male,2014-06-30 17:03:00,2014-06-30 17:15:00,12.516666666666667,84.0,cloudy,261,15.0,77,23.0
2343839,Male,2014-06-30 07:34:00,2014-06-30 07:40:00,5.916666666666668,73.0,cloudy,165,19.0,117,23.0
2344144,Male,2014-06-30 07:50:00,2014-06-30 07:55:00,5.1,73.0,cloudy,130,15.0,213,15.0
2340841,Male,2014-06-29 20:12:00,2014-06-29 20:21:00,9.45,81.0,cloudy,174,23.0,22,15.0
2345813,Male,2014-06-30 09:13:00,2014-06-30 09:22:00,9.2,78.1,cloudy,66,19.0,48,27.0
2340464,Male,2014-06-29 19:50:00,2014-06-29 19:59:00,8.116666666666667,82.0,cloudy,110,23.0,26,31.0
2347532,Male,2014-06-30 12:01:00,2014-06-30 12:14:00,13.3,82.0,cloudy,51,31.0,255,31.0
2345015,Male,2014-06-30 08:31:00,2014-06-30 08:58:00,26.66666666666667,75.0,cloudy,94,19.0,174,23.0
2338571,Female,2014-06-29 18:08:00,2014-06-29 18:28:00,20.45,84.2,cloudy,258,19.0,289,19.0
2352362,Male,2014-06-30 17:19:00,2014-06-30 17:30:00,11.433333333333335,84.0,cloudy,100,23.0,175,19.0
2353464,Male,2014-06-30 17:58:00,2014-06-30 18:02:00,3.616666666666666,84.0,cloudy,69,19.0,315,11.0
2353853,Female,2014-06-30 18:16:00,2014-06-30 18:23:00,6.666666666666668,82.0,tstorms,113,15.0,144,15.0
2352361,Male,2014-06-30 17:18:00,2014-06-30 17:34:00,15.35,84.0,cloudy,287,27.0,28,15.0
2337845,Female,2014-06-29 17:32:00,2014-06-29 17:37:00,4.65,84.9,cloudy,17,15.0,183,15.0
2345287,Male,2014-06-30 08:43:00,2014-06-30 08:47:00,3.583333333333333,75.0,cloudy,343,15.0,67,15.0
2346267,Male,2014-06-30 09:53:00,2014-06-30 10:13:00,20.33333333333333,78.1,cloudy,141,23.0,37,19.0
2335819,Male,2014-06-29 16:08:00,2014-06-29 16:21:00,12.866666666666667,84.9,cloudy,289,19.0,152,15.0
2354722,Male,2014-06-30 19:53:00,2014-06-30 20:04:00,11.2,73.0,tstorms,135,11.0,278,15.0
2339292,Female,2014-06-29 18:46:00,2014-06-29 18:57:00,11.2,84.2,cloudy,274,15.0,57,15.0
2346354,Male,2014-06-30 10:05:00,2014-06-30 10:15:00,10.15,78.1,cloudy,146,11.0,50,27.0
2347951,Female,2014-06-30 12:37:00,2014-06-30 13:05:00,27.53333333333333,82.0,cloudy,196,19.0,349,15.0
2339736,Male,2014-06-29 19:11:00,2014-06-29 19:24:00,13.733333333333333,82.0,cloudy,198,19.0,261,15.0
2335941,Male,2014-06-29 16:12:00,2014-06-29 16:29:00,16.583333333333332,84.9,cloudy,97,35.0,35,39.0
2349387,Female,2014-06-30 14:38:00,2014-06-30 14:52:00,13.566666666666665,87.1,cloudy,37,19.0,59,19.0
2352072,Female,2014-06-30 17:10:00,2014-06-30 17:17:00,7.333333333333332,84.0,cloudy,98,15.0,321,19.0
2353726,Female,2014-06-30 18:06:00,2014-06-30 18:13:00,7.25,82.0,tstorms,58,19.0,210,19.0
2332642,Female,2014-06-29 14:11:00,2014-06-29 14:20:00,8.85,84.0,cloudy,315,11.0,128,15.0
2354460,Male,2014-06-30 18:54:00,2014-06-30 18:59:00,5.416666666666668,82.0,tstorms,51,31.0,52,31.0
2332204,Male,2014-06-29 13:57:00,2014-06-29 14:12:00,15.833333333333336,82.9,cloudy,291,19.0,13,19.0
2340677,Female,2014-06-29 20:02:00,2014-06-29 20:06:00,4.466666666666667,81.0,cloudy,181,31.0,110,23.0
2340045,Male,2014-06-29 19:27:00,2014-06-29 19:46:00,18.566666666666666,82.0,cloudy,233,15.0,61,15.0
2336433,Female,2014-06-29 16:31:00,2014-06-29 16:40:00,9.416666666666666,84.9,cloudy,260,19.0,259,15.0
2332489,Female,2014-06-29 14:07:00,2014-06-29 14:26:00,19.016666666666666,84.0,cloudy,76,39.0,273,15.0
2351029,Male,2014-06-30 16:32:00,2014-06-30 16:42:00,10.15,84.0,cloudy,110,23.0,91,31.0
2352926,Male,2014-06-30 17:38:00,2014-06-30 17:54:00,15.616666666666667,84.0,cloudy,199,15.0,60,19.0
2351736,Female,2014-06-30 17:00:00,2014-06-30 17:19:00,19.2,84.0,cloudy,100,23.0,340,15.0
2343715,Male,2014-06-30 07:24:00,2014-06-30 07:34:00,10.266666666666667,73.0,cloudy,91,31.0,195,31.0
2352847,Male,2014-06-30 17:36:00,2014-06-30 17:45:00,9.033333333333333,84.0,cloudy,286,23.0,91,31.0
2351793,Female,2014-06-30 17:01:00,2014-06-30 17:17:00,15.916666666666664,84.0,cloudy,69,19.0,228,11.0
2347166,Male,2014-06-30 11:29:00,2014-06-30 11:36:00,7.3,79.0,cloudy,236,15.0,48,27.0
2350257,Male,2014-06-30 15:46:00,2014-06-30 15:52:00,6.283333333333332,84.9,cloudy,250,19.0,115,23.0
2351478,Male,2014-06-30 16:52:00,2014-06-30 17:04:00,11.55,84.0,cloudy,48,27.0,192,39.0
2345866,Male,2014-06-30 09:16:00,2014-06-30 09:22:00,6.516666666666668,78.1,cloudy,77,23.0,37,19.0
2335695,Male,2014-06-29 15:51:00,2014-06-29 16:03:00,11.95,82.9,cloudy,254,15.0,256,15.0
2338304,Male,2014-06-29 17:56:00,2014-06-29 18:11:00,14.683333333333335,84.9,cloudy,51,31.0,268,15.0
2346323,Female,2014-06-30 09:59:00,2014-06-30 10:52:00,52.51666666666666,78.1,cloudy,294,15.0,35,39.0
2350321,Female,2014-06-30 15:50:00,2014-06-30 16:08:00,17.85,84.9,cloudy,173,15.0,91,31.0
2354762,Male,2014-06-30 20:08:00,2014-06-30 20:28:00,20.316666666666666,70.0,rain or snow,148,11.0,171,11.0
2342510,Male,2014-06-29 22:54:00,2014-06-29 23:07:00,12.75,78.1,cloudy,93,15.0,228,11.0
2347885,Male,2014-06-30 12:32:00,2014-06-30 12:46:00,13.916666666666664,82.0,cloudy,100,23.0,35,39.0
2337576,Male,2014-06-29 17:20:00,2014-06-29 17:46:00,26.18333333333333,84.9,cloudy,334,19.0,118,19.0
2349426,Male,2014-06-30 14:42:00,2014-06-30 14:56:00,14.7,87.1,cloudy,176,19.0,127,15.0
2353938,Male,2014-06-30 18:21:00,2014-06-30 18:33:00,11.95,82.0,tstorms,316,19.0,242,15.0
2342152,Male,2014-06-29 22:02:00,2014-06-29 22:18:00,16.533333333333335,78.1,cloudy,59,19.0,15,15.0
2344840,Male,2014-06-30 08:24:00,2014-06-30 08:32:00,8.516666666666667,75.0,cloudy,192,39.0,32,19.0
2345628,Female,2014-06-30 09:02:00,2014-06-30 09:16:00,14.4,78.1,cloudy,329,15.0,301,19.0
2351063,Female,2014-06-30 16:33:00,2014-06-30 16:43:00,10.05,84.0,cloudy,317,15.0,21,15.0
2338694,Male,2014-06-29 18:14:00,2014-06-29 18:26:00,12.116666666666667,84.2,cloudy,46,19.0,286,23.0
2354535,Male,2014-06-30 19:01:00,2014-06-30 19:08:00,6.2333333333333325,73.0,tstorms,81,39.0,181,31.0
2345366,Female,2014-06-30 08:47:00,2014-06-30 09:15:00,27.63333333333333,75.0,cloudy,157,15.0,100,23.0
2354086,Male,2014-06-30 18:30:00,2014-06-30 18:46:00,16.7,82.0,tstorms,177,15.0,251,15.0
2349564,Female,2014-06-30 14:55:00,2014-06-30 15:02:00,7.566666666666666,87.1,cloudy,175,19.0,283,23.0
2348380,Male,2014-06-30 13:13:00,2014-06-30 13:33:00,19.7,84.9,cloudy,160,15.0,160,15.0
2345755,Male,2014-06-30 09:10:00,2014-06-30 09:13:00,2.8,78.1,cloudy,289,19.0,118,19.0
2344779,Female,2014-06-30 08:21:00,2014-06-30 08:35:00,14.133333333333333,75.0,cloudy,46,19.0,37,19.0
2333051,Female,2014-06-29 14:25:00,2014-06-29 14:40:00,14.883333333333333,84.0,cloudy,177,15.0,232,23.0
2345070,Male,2014-06-30 08:33:00,2014-06-30 08:54:00,20.733333333333334,75.0,cloudy,334,19.0,106,27.0
2349711,Female,2014-06-30 15:06:00,2014-06-30 15:09:00,2.533333333333333,84.9,cloudy,254,15.0,240,23.0
2336947,Male,2014-06-29 16:52:00,2014-06-29 17:09:00,16.883333333333333,84.9,cloudy,303,15.0,332,15.0
2351463,Male,2014-06-30 16:52:00,2014-06-30 17:02:00,9.783333333333333,84.0,cloudy,134,19.0,54,19.0
2341668,Male,2014-06-29 21:11:00,2014-06-29 21:30:00,18.5,79.0,cloudy,260,19.0,123,15.0
2354526,Male,2014-06-30 19:00:00,2014-06-30 19:12:00,11.683333333333335,73.0,tstorms,301,19.0,324,15.0
2343491,Female,2014-06-30 07:04:00,2014-06-30 07:19:00,14.716666666666667,73.0,cloudy,236,15.0,98,15.0
2353858,Male,2014-06-30 18:16:00,2014-06-30 18:30:00,13.883333333333333,82.0,tstorms,287,27.0,27,19.0
2353221,Male,2014-06-30 17:48:00,2014-06-30 17:51:00,3.2666666666666666,84.0,cloudy,67,15.0,343,15.0
2349165,Female,2014-06-30 14:19:00,2014-06-30 14:42:00,22.68333333333333,87.1,cloudy,311,15.0,13,19.0
2347569,Male,2014-06-30 12:02:00,2014-06-30 12:06:00,3.683333333333333,82.0,cloudy,291,19.0,176,19.0
2333650,Male,2014-06-29 14:46:00,2014-06-29 15:04:00,17.283333333333335,84.0,cloudy,141,23.0,153,19.0
2333882,Male,2014-06-29 14:55:00,2014-06-29 15:18:00,23.11666666666667,84.0,cloudy,282,15.0,331,19.0
2341182,Female,2014-06-29 20:35:00,2014-06-29 20:48:00,13.016666666666667,81.0,cloudy,334,19.0,141,23.0
2353666,Male,2014-06-30 18:07:00,2014-06-30 18:14:00,6.55,82.0,tstorms,52,31.0,174,23.0
2339126,Female,2014-06-29 18:37:00,2014-06-29 18:54:00,17.266666666666666,84.2,cloudy,48,27.0,156,15.0
2349638,Male,2014-06-30 15:00:00,2014-06-30 15:15:00,14.516666666666667,84.9,cloudy,196,19.0,174,23.0
2334781,Female,2014-06-29 15:27:00,2014-06-29 15:49:00,21.9,82.9,cloudy,219,11.0,342,15.0
2336401,Female,2014-06-29 16:29:00,2014-06-29 16:46:00,16.283333333333335,84.9,cloudy,177,15.0,85,23.0
2349074,Male,2014-06-30 14:12:00,2014-06-30 14:28:00,15.783333333333333,87.1,cloudy,299,15.0,114,27.0
2337090,Male,2014-06-29 16:58:00,2014-06-29 17:04:00,5.9,84.9,cloudy,217,15.0,77,23.0
2340769,Male,2014-06-29 20:04:00,2014-06-29 20:24:00,20.55,81.0,cloudy,35,39.0,337,19.0
2343116,Female,2014-06-30 06:03:00,2014-06-30 06:06:00,3.216666666666667,73.0,cloudy,135,11.0,206,15.0
2346424,Male,2014-06-30 10:12:00,2014-06-30 10:35:00,23.41666666666667,78.1,cloudy,214,15.0,36,31.0
2353320,Male,2014-06-30 17:52:00,2014-06-30 18:00:00,7.983333333333332,84.0,cloudy,90,35.0,99,19.0
2352468,Male,2014-06-30 17:22:00,2014-06-30 17:27:00,4.55,84.0,cloudy,93,15.0,58,19.0
2332112,Female,2014-06-29 13:54:00,2014-06-29 14:07:00,13.333333333333336,82.9,cloudy,90,35.0,110,23.0
2347875,Male,2014-06-30 12:32:00,2014-06-30 12:40:00,8.383333333333333,82.0,cloudy,197,19.0,26,31.0
2351028,Male,2014-06-30 16:24:00,2014-06-30 16:36:00,12.316666666666665,84.0,cloudy,110,23.0,289,19.0
2339279,Male,2014-06-29 18:45:00,2014-06-29 18:52:00,6.883333333333334,84.2,cloudy,220,19.0,117,23.0
2336476,Female,2014-06-29 16:32:00,2014-06-29 16:50:00,17.1,84.9,cloudy,177,15.0,152,15.0
2350756,Male,2014-06-30 16:17:00,2014-06-30 16:20:00,2.8,84.0,cloudy,24,15.0,199,15.0
2337889,Male,2014-06-29 17:34:00,2014-06-29 17:42:00,7.333333333333332,84.9,cloudy,329,15.0,300,15.0
2345638,Male,2014-06-30 09:02:00,2014-06-30 09:18:00,15.833333333333336,78.1,cloudy,192,39.0,98,15.0
2353860,Male,2014-06-30 18:16:00,2014-06-30 18:38:00,21.08333333333333,82.0,tstorms,287,27.0,199,15.0
2352133,Male,2014-06-30 17:12:00,2014-06-30 17:17:00,5.45,84.0,cloudy,195,31.0,51,31.0
2353128,Male,2014-06-30 17:44:00,2014-06-30 18:07:00,22.91666666666667,84.0,cloudy,48,27.0,274,15.0
2347685,Male,2014-06-30 12:13:00,2014-06-30 12:21:00,7.533333333333332,82.0,cloudy,46,19.0,47,19.0
2341456,Male,2014-06-29 20:56:00,2014-06-29 21:15:00,18.2,81.0,cloudy,141,23.0,30,15.0
2334006,Female,2014-06-29 14:59:00,2014-06-29 15:07:00,7.866666666666666,84.0,cloudy,177,15.0,334,19.0
2349601,Male,2014-06-30 14:57:00,2014-06-30 15:11:00,14.016666666666667,87.1,cloudy,342,15.0,77,23.0
2343298,Female,2014-06-30 06:41:00,2014-06-30 07:06:00,25.316666666666666,73.0,cloudy,72,15.0,110,23.0
2352534,Female,2014-06-30 17:25:00,2014-06-30 17:36:00,11.666666666666664,84.0,cloudy,55,15.0,205,15.0
2347822,Female,2014-06-30 12:26:00,2014-06-30 12:38:00,12.2,82.0,cloudy,191,23.0,26,31.0
2343588,Male,2014-06-30 07:14:00,2014-06-30 07:24:00,10.333333333333334,73.0,cloudy,58,19.0,331,19.0
2334433,Female,2014-06-29 15:14:00,2014-06-29 15:42:00,28.066666666666666,82.9,cloudy,106,27.0,128,15.0
2339205,Male,2014-06-29 18:42:00,2014-06-29 18:50:00,7.783333333333332,84.2,cloudy,93,15.0,289,19.0
2346063,Male,2014-06-30 09:33:00,2014-06-30 09:48:00,14.483333333333333,78.1,cloudy,150,11.0,341,19.0
2334023,Male,2014-06-29 15:00:00,2014-06-29 15:18:00,18.183333333333334,82.9,cloudy,249,15.0,177,15.0
2349292,Male,2014-06-30 14:30:00,2014-06-30 14:44:00,13.866666666666667,87.1,cloudy,93,15.0,85,23.0
2341119,Male,2014-06-29 20:31:00,2014-06-29 20:39:00,8.366666666666667,81.0,cloudy,93,15.0,127,15.0
2347413,Male,2014-06-30 11:48:00,2014-06-30 12:05:00,16.983333333333334,79.0,cloudy,37,19.0,211,19.0
2353248,Male,2014-06-30 17:49:00,2014-06-30 17:56:00,7.083333333333332,84.0,cloudy,80,19.0,75,23.0
2344173,Male,2014-06-30 07:51:00,2014-06-30 07:57:00,5.833333333333332,73.0,cloudy,143,15.0,118,19.0
2352089,Male,2014-06-30 17:10:00,2014-06-30 17:14:00,3.3833333333333333,84.0,cloudy,198,19.0,91,31.0
2350641,Female,2014-06-30 16:10:00,2014-06-30 16:23:00,12.9,84.0,cloudy,211,19.0,192,39.0
2355038,Male,2014-06-30 21:22:00,2014-06-30 21:29:00,7.45,70.0,tstorms,100,23.0,26,31.0
2338614,Male,2014-06-29 18:10:00,2014-06-29 18:18:00,7.616666666666666,84.2,cloudy,74,23.0,199,15.0
2354266,Male,2014-06-30 18:40:00,2014-06-30 18:45:00,5.4833333333333325,82.0,tstorms,199,15.0,264,19.0
2348317,Male,2014-06-30 13:07:00,2014-06-30 13:12:00,4.85,84.9,cloudy,56,19.0,164,23.0
2332629,Male,2014-06-29 14:11:00,2014-06-29 14:20:00,9.216666666666667,84.0,cloudy,57,15.0,14,15.0
2352933,Male,2014-06-30 17:39:00,2014-06-30 17:53:00,14.033333333333333,84.0,cloudy,16,11.0,268,15.0
2354221,Male,2014-06-30 18:37:00,2014-06-30 18:49:00,11.883333333333333,82.0,tstorms,321,19.0,338,15.0
2337933,Female,2014-06-29 17:36:00,2014-06-29 17:48:00,11.45,84.9,cloudy,94,19.0,13,19.0
2341060,Female,2014-06-29 20:27:00,2014-06-29 20:40:00,12.766666666666667,81.0,cloudy,31,23.0,60,19.0
2343582,Male,2014-06-30 07:13:00,2014-06-30 07:23:00,10.366666666666667,73.0,cloudy,289,19.0,110,23.0
2352722,Female,2014-06-30 17:31:00,2014-06-30 17:53:00,21.95,84.0,cloudy,106,27.0,156,15.0
2339405,Male,2014-06-29 18:51:00,2014-06-29 19:00:00,8.616666666666667,84.2,cloudy,177,15.0,157,15.0
2337470,Female,2014-06-29 17:15:00,2014-06-29 17:32:00,17.366666666666667,84.9,cloudy,115,23.0,289,19.0
2334390,Male,2014-06-29 15:13:00,2014-06-29 15:23:00,9.666666666666666,82.9,cloudy,321,19.0,120,15.0
2348900,Female,2014-06-30 13:57:00,2014-06-30 14:02:00,4.55,84.9,cloudy,289,19.0,94,19.0
2351440,Female,2014-06-30 16:48:00,2014-06-30 17:10:00,21.88333333333333,84.0,cloudy,99,19.0,255,31.0
2347054,Female,2014-06-30 11:19:00,2014-06-30 11:33:00,14.783333333333333,79.0,cloudy,115,23.0,313,19.0
2334795,Male,2014-06-29 15:28:00,2014-06-29 15:31:00,2.816666666666667,82.9,cloudy,289,19.0,291,19.0
2341391,Male,2014-06-29 20:52:00,2014-06-29 21:01:00,9.583333333333334,81.0,cloudy,291,19.0,224,19.0
2339673,Male,2014-06-29 19:06:00,2014-06-29 19:12:00,6.266666666666668,82.0,cloudy,69,19.0,276,11.0
2345830,Female,2014-06-30 09:14:00,2014-06-30 09:25:00,10.933333333333335,78.1,cloudy,340,15.0,300,15.0
2351542,Male,2014-06-30 16:54:00,2014-06-30 16:59:00,4.833333333333333,84.0,cloudy,174,23.0,37,19.0
2334427,Male,2014-06-29 15:14:00,2014-06-29 16:03:00,48.93333333333333,82.9,cloudy,332,15.0,326,11.0
2349672,Male,2014-06-30 15:04:00,2014-06-30 15:08:00,4.316666666666666,84.9,cloudy,74,23.0,110,23.0
2351105,Female,2014-06-30 16:36:00,2014-06-30 16:48:00,12.15,84.0,cloudy,110,23.0,50,27.0
2351575,Male,2014-06-30 16:55:00,2014-06-30 17:01:00,5.7,84.0,cloudy,49,27.0,174,23.0
2343462,Male,2014-06-30 06:57:00,2014-06-30 07:21:00,23.68333333333333,73.0,cloudy,219,11.0,286,23.0
2340353,Male,2014-06-29 19:44:00,2014-06-29 19:54:00,10.533333333333333,82.0,cloudy,13,19.0,165,19.0
2331882,Male,2014-06-29 13:46:00,2014-06-29 13:52:00,5.783333333333332,82.9,cloudy,285,15.0,277,15.0
2343406,Male,2014-06-30 06:54:00,2014-06-30 07:06:00,11.133333333333333,73.0,cloudy,15,15.0,73,19.0
2335509,Male,2014-06-29 15:56:00,2014-06-29 16:14:00,18.666666666666668,82.9,cloudy,91,31.0,176,19.0
2354778,Male,2014-06-30 20:18:00,2014-06-30 20:27:00,9.133333333333333,70.0,rain or snow,195,31.0,91,31.0
2352931,Male,2014-06-30 17:37:00,2014-06-30 17:44:00,7.2666666666666675,84.0,cloudy,283,23.0,91,31.0
2353847,Female,2014-06-30 18:16:00,2014-06-30 18:32:00,16.15,82.0,tstorms,35,39.0,177,15.0
2348722,Male,2014-06-30 13:37:00,2014-06-30 13:43:00,6.066666666666666,84.9,cloudy,283,23.0,77,23.0
2354393,Male,2014-06-30 18:49:00,2014-06-30 18:58:00,8.8,82.0,tstorms,49,27.0,5,19.0
2332155,Male,2014-06-29 13:55:00,2014-06-29 14:00:00,4.966666666666667,82.9,cloudy,59,19.0,273,15.0
2344370,Female,2014-06-30 08:01:00,2014-06-30 08:14:00,12.916666666666664,75.0,cloudy,66,19.0,199,15.0
2335580,Female,2014-06-29 15:58:00,2014-06-29 16:04:00,6.266666666666668,82.9,cloudy,298,15.0,242,15.0
2354106,Male,2014-06-30 18:30:00,2014-06-30 18:35:00,4.016666666666667,82.0,tstorms,109,19.0,22,15.0
2344294,Female,2014-06-30 07:56:00,2014-06-30 08:11:00,15.633333333333333,73.0,cloudy,75,23.0,317,15.0
2345623,Male,2014-06-30 09:02:00,2014-06-30 09:08:00,6.4833333333333325,78.1,cloudy,73,19.0,283,23.0
2333230,Male,2014-06-29 14:31:00,2014-06-29 14:59:00,28.15,84.0,cloudy,85,23.0,213,15.0
2346075,Female,2014-06-30 09:34:00,2014-06-30 09:59:00,24.816666666666666,78.1,cloudy,290,15.0,56,19.0
2337128,Female,2014-06-29 16:59:00,2014-06-29 17:26:00,26.73333333333333,84.9,cloudy,177,15.0,268,15.0
2337637,Female,2014-06-29 17:22:00,2014-06-29 17:38:00,15.3,84.9,cloudy,229,19.0,223,15.0
2343221,Male,2014-06-30 06:33:00,2014-06-30 06:37:00,3.616666666666666,73.0,cloudy,134,19.0,75,23.0
2348411,Male,2014-06-30 13:16:00,2014-06-30 13:22:00,5.233333333333333,84.9,cloudy,309,11.0,213,15.0
2343277,Male,2014-06-30 06:38:00,2014-06-30 06:41:00,2.833333333333333,73.0,cloudy,31,23.0,337,19.0
2335794,Male,2014-06-29 16:07:00,2014-06-29 16:18:00,11.1,84.9,cloudy,219,11.0,330,19.0
2336145,Female,2014-06-29 16:19:00,2014-06-29 16:38:00,18.683333333333334,84.9,cloudy,340,15.0,20,15.0
2333394,Male,2014-06-29 14:37:00,2014-06-29 15:04:00,26.78333333333333,84.0,cloudy,140,19.0,56,19.0
2347022,Female,2014-06-30 11:15:00,2014-06-30 11:30:00,15.683333333333335,79.0,cloudy,140,19.0,33,27.0
2350330,Female,2014-06-30 15:51:00,2014-06-30 16:17:00,26.11666666666667,84.9,cloudy,268,15.0,226,15.0
2339473,Male,2014-06-29 18:54:00,2014-06-29 19:21:00,27.03333333333333,84.2,cloudy,35,39.0,195,31.0
2340554,Female,2014-06-29 19:55:00,2014-06-29 20:12:00,16.15,82.0,cloudy,337,19.0,143,15.0
2351544,Male,2014-06-30 16:55:00,2014-06-30 17:06:00,11.2,84.0,cloudy,286,23.0,44,27.0
2351746,Male,2014-06-30 17:00:00,2014-06-30 17:17:00,17.666666666666668,84.0,cloudy,98,15.0,94,19.0
2341651,Male,2014-06-29 21:09:00,2014-06-29 21:27:00,17.533333333333335,79.0,cloudy,199,15.0,93,15.0
2345890,Male,2014-06-30 09:14:00,2014-06-30 09:30:00,15.833333333333336,78.1,cloudy,256,15.0,327,19.0
2351745,Male,2014-06-30 17:00:00,2014-06-30 17:19:00,19.8,84.0,cloudy,85,23.0,299,15.0
2344318,Male,2014-06-30 07:58:00,2014-06-30 08:16:00,18.233333333333334,73.0,cloudy,340,15.0,48,27.0
2337591,Male,2014-06-29 17:20:00,2014-06-29 17:31:00,11.25,84.9,cloudy,94,19.0,332,15.0
2341117,Male,2014-06-29 20:31:00,2014-06-29 20:35:00,4.133333333333334,81.0,cloudy,307,15.0,190,15.0
2343700,Male,2014-06-30 07:23:00,2014-06-30 07:32:00,8.583333333333334,73.0,cloudy,174,23.0,195,31.0
2353307,Male,2014-06-30 17:51:00,2014-06-30 18:00:00,8.983333333333333,84.0,cloudy,74,23.0,27,19.0
2340137,Female,2014-06-29 19:32:00,2014-06-29 19:44:00,12.383333333333333,82.0,cloudy,338,15.0,321,19.0
2341801,Male,2014-06-29 21:24:00,2014-06-29 21:40:00,15.516666666666667,79.0,cloudy,93,15.0,250,19.0
2336141,Male,2014-06-29 16:19:00,2014-06-29 16:26:00,6.9,84.9,cloudy,329,15.0,349,15.0
2339683,Male,2014-06-29 19:07:00,2014-06-29 19:30:00,22.6,82.0,cloudy,249,15.0,324,15.0
2335772,Male,2014-06-29 16:06:00,2014-06-29 16:13:00,6.566666666666666,84.9,cloudy,339,11.0,135,11.0
2337208,Male,2014-06-29 17:03:00,2014-06-29 17:12:00,9.483333333333333,84.9,cloudy,328,15.0,247,15.0
2346072,Male,2014-06-30 09:34:00,2014-06-30 09:44:00,9.666666666666666,78.1,cloudy,22,15.0,191,23.0
2340748,Male,2014-06-29 20:05:00,2014-06-29 20:22:00,17.266666666666666,81.0,cloudy,211,19.0,144,15.0
2344670,Male,2014-06-30 08:17:00,2014-06-30 08:26:00,9.783333333333333,75.0,cloudy,5,19.0,51,31.0
2354199,Female,2014-06-30 18:36:00,2014-06-30 18:40:00,3.6,82.0,tstorms,302,19.0,152,15.0
2345243,Male,2014-06-30 08:41:00,2014-06-30 08:59:00,18.233333333333334,75.0,cloudy,146,11.0,264,19.0
2348093,Female,2014-06-30 12:48:00,2014-06-30 13:05:00,16.2,82.0,cloudy,249,15.0,256,15.0
2350453,Male,2014-06-30 15:58:00,2014-06-30 16:05:00,6.95,84.9,cloudy,287,27.0,43,43.0
2347131,Male,2014-06-30 11:25:00,2014-06-30 11:45:00,20.166666666666668,79.0,cloudy,85,23.0,195,31.0
2339054,Female,2014-06-29 18:34:00,2014-06-29 18:54:00,20.666666666666668,84.2,cloudy,114,27.0,177,15.0
2348224,Female,2014-06-30 12:59:00,2014-06-30 13:07:00,7.133333333333334,82.0,cloudy,197,19.0,100,23.0
2344320,Male,2014-06-30 07:58:00,2014-06-30 08:05:00,6.883333333333334,73.0,cloudy,66,19.0,48,27.0
2346079,Male,2014-06-30 09:34:00,2014-06-30 09:52:00,18.4,78.1,cloudy,255,31.0,150,11.0
2352592,Male,2014-06-30 17:27:00,2014-06-30 17:38:00,11.066666666666665,84.0,cloudy,53,19.0,174,23.0
2331703,Male,2014-06-29 13:39:00,2014-06-29 13:44:00,4.6,82.9,cloudy,13,19.0,153,19.0
2351149,Female,2014-06-30 16:38:00,2014-06-30 16:50:00,11.65,84.0,cloudy,48,27.0,26,31.0
2350441,Male,2014-06-30 15:58:00,2014-06-30 16:10:00,12.05,84.9,cloudy,198,19.0,214,15.0
2345659,Male,2014-06-30 09:04:00,2014-06-30 09:15:00,11.25,78.1,cloudy,174,23.0,195,31.0
2348503,Male,2014-06-30 13:24:00,2014-06-30 13:28:00,3.983333333333333,84.9,cloudy,75,23.0,134,19.0
2337918,Female,2014-06-29 17:36:00,2014-06-29 17:46:00,10.266666666666667,84.9,cloudy,268,15.0,20,15.0
2343792,Male,2014-06-30 07:30:00,2014-06-30 07:54:00,24.36666666666667,73.0,cloudy,259,15.0,51,31.0
2350608,Male,2014-06-30 16:07:00,2014-06-30 16:15:00,7.233333333333332,84.0,cloudy,90,35.0,26,31.0
2344182,Female,2014-06-30 07:51:00,2014-06-30 07:56:00,4.95,73.0,cloudy,80,19.0,73,19.0
2345072,Female,2014-06-30 08:29:00,2014-06-30 09:04:00,35.63333333333333,75.0,cloudy,299,15.0,90,35.0
2339656,Female,2014-06-29 18:49:00,2014-06-29 19:04:00,14.433333333333335,84.2,cloudy,304,15.0,253,15.0
2348591,Female,2014-06-30 13:29:00,2014-06-30 13:36:00,7.75,84.9,cloudy,230,19.0,153,19.0
2338202,Female,2014-06-29 17:51:00,2014-06-29 18:06:00,15.083333333333336,84.9,cloudy,60,19.0,162,14.0
2355057,Male,2014-06-30 21:38:00,2014-06-30 21:43:00,4.266666666666667,70.0,tstorms,284,23.0,286,23.0
2352242,Female,2014-06-30 17:15:00,2014-06-30 17:26:00,11.116666666666667,84.0,cloudy,177,15.0,303,15.0
2352338,Female,2014-06-30 17:17:00,2014-06-30 17:26:00,9.066666666666666,84.0,cloudy,90,35.0,174,23.0
2345132,Male,2014-06-30 08:37:00,2014-06-30 08:47:00,9.783333333333333,75.0,cloudy,233,15.0,81,39.0
2335712,Male,2014-06-29 16:04:00,2014-06-29 16:07:00,3.283333333333333,84.9,cloudy,227,15.0,318,15.0
2352303,Female,2014-06-30 17:17:00,2014-06-30 17:24:00,7.5166666666666675,84.0,cloudy,114,27.0,229,19.0
2337824,Male,2014-06-29 17:31:00,2014-06-29 17:45:00,13.516666666666667,84.9,cloudy,226,15.0,227,15.0
2336943,Male,2014-06-29 16:52:00,2014-06-29 16:58:00,5.966666666666668,84.9,cloudy,156,15.0,153,19.0
2353572,Female,2014-06-30 18:03:00,2014-06-30 18:07:00,3.983333333333333,82.0,tstorms,242,15.0,239,15.0
2354058,Male,2014-06-30 18:28:00,2014-06-30 18:31:00,3.4166666666666665,82.0,tstorms,87,19.0,302,19.0
2350567,Male,2014-06-30 16:05:00,2014-06-30 16:18:00,13.2,84.0,cloudy,49,27.0,301,19.0
2334159,Male,2014-06-29 15:05:00,2014-06-29 15:26:00,21.466666666666665,82.9,cloudy,140,19.0,198,19.0
2351286,Male,2014-06-30 16:45:00,2014-06-30 17:04:00,19.366666666666667,84.0,cloudy,284,23.0,177,15.0
2336252,Male,2014-06-29 16:24:00,2014-06-29 16:30:00,6.116666666666666,84.9,cloudy,35,39.0,76,39.0
2343982,Male,2014-06-30 07:41:00,2014-06-30 08:05:00,23.566666666666666,73.0,cloudy,123,15.0,27,19.0
2332865,Male,2014-06-29 14:19:00,2014-06-29 14:24:00,5.0,84.0,cloudy,57,15.0,59,19.0
2335921,Male,2014-06-29 16:11:00,2014-06-29 16:19:00,8.083333333333334,84.9,cloudy,284,23.0,76,39.0
2353230,Male,2014-06-30 17:48:00,2014-06-30 17:53:00,5.433333333333334,84.0,cloudy,98,15.0,100,23.0
2353413,Male,2014-06-30 17:56:00,2014-06-30 18:06:00,10.1,84.0,cloudy,108,19.0,317,15.0
2335562,Male,2014-06-29 15:58:00,2014-06-29 16:11:00,13.35,82.9,cloudy,249,15.0,293,19.0
2345660,Male,2014-06-30 09:04:00,2014-06-30 09:13:00,8.7,78.1,cloudy,191,23.0,37,19.0
2346723,Male,2014-06-30 10:45:00,2014-06-30 10:54:00,9.483333333333333,78.1,cloudy,31,23.0,25,23.0
2341270,Male,2014-06-29 20:43:00,2014-06-29 20:55:00,11.95,81.0,cloudy,152,15.0,141,23.0
2345136,Male,2014-06-30 08:37:00,2014-06-30 08:51:00,14.366666666666667,75.0,cloudy,191,23.0,176,19.0
2331541,Female,2014-06-29 13:32:00,2014-06-29 13:46:00,13.85,82.9,cloudy,153,19.0,324,15.0
2354229,Female,2014-06-30 18:37:00,2014-06-30 18:46:00,8.633333333333333,82.0,tstorms,50,27.0,134,19.0
2343734,Female,2014-06-30 07:25:00,2014-06-30 07:31:00,6.7,73.0,cloudy,303,15.0,117,23.0
2343464,Male,2014-06-30 07:02:00,2014-06-30 07:07:00,4.8,73.0,cloudy,195,31.0,194,11.0
2336906,Female,2014-06-29 16:50:00,2014-06-29 16:56:00,5.75,84.9,cloudy,84,19.0,112,15.0
2338105,Female,2014-06-29 17:44:00,2014-06-29 18:11:00,26.43333333333333,84.9,cloudy,25,23.0,255,31.0
2354326,Female,2014-06-30 18:43:00,2014-06-30 18:46:00,2.433333333333333,82.0,tstorms,232,23.0,304,15.0
2350146,Male,2014-06-30 15:37:00,2014-06-30 15:43:00,6.35,84.9,cloudy,49,27.0,321,19.0
2338869,Female,2014-06-29 18:25:00,2014-06-29 18:31:00,5.533333333333332,84.2,cloudy,301,19.0,268,15.0
2343245,Male,2014-06-30 06:35:00,2014-06-30 06:42:00,7.183333333333334,73.0,cloudy,195,31.0,37,19.0
2344296,Male,2014-06-30 07:54:00,2014-06-30 08:02:00,8.516666666666667,73.0,cloudy,119,19.0,342,15.0
2347680,Female,2014-06-30 12:15:00,2014-06-30 12:28:00,12.916666666666664,82.0,cloudy,87,19.0,310,11.0
2345884,Male,2014-06-30 09:18:00,2014-06-30 09:27:00,9.816666666666666,78.1,cloudy,301,19.0,211,19.0
2341320,Male,2014-06-29 20:46:00,2014-06-29 21:07:00,20.983333333333334,81.0,cloudy,218,11.0,132,15.0
2332699,Female,2014-06-29 14:14:00,2014-06-29 14:19:00,5.283333333333333,84.0,cloudy,99,19.0,173,15.0
2348777,Male,2014-06-30 13:47:00,2014-06-30 13:54:00,7.083333333333332,84.9,cloudy,174,23.0,197,19.0
2350562,Male,2014-06-30 16:01:00,2014-06-30 16:06:00,4.65,84.0,cloudy,75,23.0,175,19.0
2352363,Male,2014-06-30 17:18:00,2014-06-30 17:25:00,6.2,84.0,cloudy,110,23.0,212,31.0
2336789,Male,2014-06-29 16:46:00,2014-06-29 16:50:00,3.866666666666666,84.9,cloudy,250,19.0,230,19.0
2348410,Male,2014-06-30 13:16:00,2014-06-30 13:39:00,23.016666666666666,84.9,cloudy,85,23.0,245,15.0
2339589,Female,2014-06-29 19:00:00,2014-06-29 19:28:00,28.716666666666665,82.0,cloudy,334,19.0,173,15.0
2343864,Male,2014-06-30 07:35:00,2014-06-30 07:45:00,10.1,73.0,cloudy,174,23.0,24,15.0
2344873,Male,2014-06-30 08:26:00,2014-06-30 08:41:00,15.616666666666667,75.0,cloudy,77,23.0,261,15.0
2347602,Male,2014-06-30 12:07:00,2014-06-30 12:26:00,18.9,82.0,cloudy,124,15.0,112,15.0
2344185,Female,2014-06-30 07:51:00,2014-06-30 08:08:00,16.283333333333335,73.0,cloudy,291,19.0,77,23.0
2345672,Male,2014-06-30 09:05:00,2014-06-30 09:20:00,15.066666666666665,78.1,cloudy,144,15.0,212,31.0
2353535,Male,2014-06-30 18:01:00,2014-06-30 18:11:00,9.616666666666667,82.0,tstorms,329,15.0,153,19.0
2340017,Female,2014-06-29 19:25:00,2014-06-29 19:31:00,5.183333333333334,82.0,cloudy,206,15.0,207,15.0
2333096,Male,2014-06-29 14:27:00,2014-06-29 14:31:00,4.466666666666667,84.0,cloudy,93,15.0,327,19.0
2349643,Male,2014-06-30 14:57:00,2014-06-30 15:15:00,17.233333333333334,87.1,cloudy,99,19.0,27,19.0
2343514,Female,2014-06-30 07:07:00,2014-06-30 07:17:00,9.466666666666667,73.0,cloudy,56,19.0,211,19.0
2334123,Male,2014-06-29 15:03:00,2014-06-29 15:28:00,24.28333333333333,82.9,cloudy,338,15.0,341,19.0
2348619,Male,2014-06-30 13:34:00,2014-06-30 13:44:00,9.8,84.9,cloudy,25,23.0,264,19.0
2349720,Female,2014-06-30 15:08:00,2014-06-30 15:23:00,15.766666666666667,84.9,cloudy,255,31.0,35,39.0
2347626,Male,2014-06-30 12:03:00,2014-06-30 12:13:00,9.883333333333333,82.0,cloudy,283,23.0,192,39.0
2339494,Male,2014-06-29 18:55:00,2014-06-29 19:20:00,24.8,84.2,cloudy,198,19.0,140,19.0
2336470,Female,2014-06-29 16:32:00,2014-06-29 16:54:00,22.566666666666666,84.9,cloudy,37,19.0,193,15.0
2352653,Male,2014-06-30 17:29:00,2014-06-30 17:34:00,5.816666666666666,84.0,cloudy,140,19.0,301,19.0
2331699,Male,2014-06-29 13:39:00,2014-06-29 13:47:00,7.566666666666666,82.9,cloudy,258,19.0,308,11.0
2350710,Male,2014-06-30 16:15:00,2014-06-30 16:28:00,13.533333333333333,84.0,cloudy,285,15.0,22,15.0
2341199,Male,2014-06-29 20:37:00,2014-06-29 20:48:00,11.216666666666667,81.0,cloudy,94,19.0,60,19.0
2338543,Male,2014-06-29 18:07:00,2014-06-29 18:14:00,6.7333333333333325,84.2,cloudy,115,23.0,157,15.0
2350787,Male,2014-06-30 16:20:00,2014-06-30 16:36:00,16.9,84.0,cloudy,205,15.0,283,23.0
2332559,Male,2014-06-29 14:09:00,2014-06-29 14:24:00,15.366666666666667,84.0,cloudy,28,15.0,130,15.0
2332822,Male,2014-06-29 14:18:00,2014-06-29 14:23:00,4.733333333333333,84.0,cloudy,100,23.0,287,27.0
2335654,Male,2014-06-29 16:01:00,2014-06-29 16:07:00,5.666666666666668,84.9,cloudy,339,11.0,279,15.0
2348062,Male,2014-06-30 12:46:00,2014-06-30 12:58:00,11.933333333333335,82.0,cloudy,92,19.0,108,19.0
2351085,Female,2014-06-30 16:35:00,2014-06-30 17:05:00,29.93333333333333,84.0,cloudy,93,15.0,238,15.0
2341229,Male,2014-06-29 20:40:00,2014-06-29 20:43:00,2.8,81.0,cloudy,240,23.0,254,15.0
2354392,Male,2014-06-30 18:49:00,2014-06-30 18:52:00,2.833333333333333,82.0,tstorms,337,19.0,25,23.0
2353330,Male,2014-06-30 17:53:00,2014-06-30 18:08:00,15.3,84.0,cloudy,177,15.0,245,15.0
2344016,Male,2014-06-30 07:44:00,2014-06-30 07:52:00,8.216666666666667,73.0,cloudy,174,23.0,31,23.0
2353746,Male,2014-06-30 18:11:00,2014-06-30 18:18:00,6.866666666666666,82.0,tstorms,216,15.0,130,15.0
2345276,Male,2014-06-30 08:43:00,2014-06-30 09:07:00,24.48333333333333,75.0,cloudy,17,15.0,199,15.0
2342491,Male,2014-06-29 22:51:00,2014-06-29 23:07:00,16.2,78.1,cloudy,130,15.0,337,19.0
2338291,Male,2014-06-29 17:54:00,2014-06-29 18:22:00,27.65,84.9,cloudy,47,19.0,22,15.0
2351060,Male,2014-06-30 16:33:00,2014-06-30 16:42:00,9.066666666666666,84.0,cloudy,264,19.0,91,31.0
2355065,Male,2014-06-30 21:43:00,2014-06-30 21:50:00,6.4,70.0,tstorms,291,19.0,337,19.0
2340374,Male,2014-06-29 19:43:00,2014-06-29 19:52:00,9.5,82.0,cloudy,62,27.0,335,15.0
2337689,Male,2014-06-29 17:25:00,2014-06-29 17:44:00,18.65,84.9,cloudy,26,31.0,268,15.0
2352751,Male,2014-06-30 17:32:00,2014-06-30 17:43:00,10.616666666666667,84.0,cloudy,284,23.0,35,39.0
2349941,Male,2014-06-30 15:24:00,2014-06-30 15:31:00,7.116666666666666,84.9,cloudy,115,23.0,250,19.0
2336484,Male,2014-06-29 16:33:00,2014-06-29 16:37:00,4.616666666666666,84.9,cloudy,106,27.0,31,23.0
2342695,Male,2014-06-29 23:25:00,2014-06-29 23:29:00,4.083333333333333,78.1,cloudy,36,31.0,174,23.0
2347574,Male,2014-06-30 12:04:00,2014-06-30 12:11:00,7.25,82.0,cloudy,77,23.0,346,15.0
2337517,Male,2014-06-29 17:17:00,2014-06-29 17:29:00,12.183333333333335,84.9,cloudy,53,19.0,143,15.0
2351242,Male,2014-06-30 16:43:00,2014-06-30 16:55:00,11.966666666666667,84.0,cloudy,195,31.0,191,23.0
2343312,Female,2014-06-30 06:43:00,2014-06-30 06:58:00,14.85,73.0,cloudy,176,19.0,77,23.0
2344454,Female,2014-06-30 08:05:00,2014-06-30 08:29:00,24.4,75.0,cloudy,203,15.0,75,23.0
2345222,Male,2014-06-30 08:40:00,2014-06-30 08:49:00,8.116666666666667,75.0,cloudy,217,15.0,74,23.0
2340043,Female,2014-06-29 19:27:00,2014-06-29 19:59:00,31.68333333333333,82.0,cloudy,198,19.0,99,19.0
2341056,Male,2014-06-29 20:27:00,2014-06-29 20:34:00,6.85,81.0,cloudy,199,15.0,46,19.0
2351667,Female,2014-06-30 16:57:00,2014-06-30 17:04:00,6.333333333333332,84.0,cloudy,59,19.0,338,15.0
2343686,Male,2014-06-30 07:22:00,2014-06-30 07:28:00,6.45,73.0,cloudy,91,31.0,80,19.0
2346315,Male,2014-06-30 09:58:00,2014-06-30 10:04:00,5.9,78.1,cloudy,321,19.0,98,15.0
2348656,Male,2014-06-30 13:37:00,2014-06-30 13:46:00,8.516666666666667,84.9,cloudy,173,15.0,35,39.0
2346784,Male,2014-06-30 10:49:00,2014-06-30 11:05:00,16.9,78.1,cloudy,341,19.0,197,19.0
2351203,Female,2014-06-30 16:41:00,2014-06-30 16:52:00,10.666666666666666,84.0,cloudy,254,15.0,227,15.0
2350994,Male,2014-06-30 16:30:00,2014-06-30 16:44:00,14.233333333333333,84.0,cloudy,337,19.0,91,31.0
2348598,Male,2014-06-30 13:34:00,2014-06-30 13:45:00,11.833333333333336,84.9,cloudy,60,19.0,127,15.0
2348252,Male,2014-06-30 13:02:00,2014-06-30 13:05:00,3.183333333333333,84.9,cloudy,115,23.0,300,15.0
2332470,Female,2014-06-29 14:06:00,2014-06-29 14:11:00,5.133333333333334,84.0,cloudy,144,15.0,94,19.0
2353092,Male,2014-06-30 17:43:00,2014-06-30 17:53:00,9.366666666666667,84.0,cloudy,81,39.0,176,19.0
2352618,Male,2014-06-30 17:28:00,2014-06-30 17:35:00,7.566666666666666,84.0,cloudy,109,19.0,192,39.0
2348148,Male,2014-06-30 12:54:00,2014-06-30 12:57:00,3.55,82.0,cloudy,210,19.0,61,15.0
2333562,Male,2014-06-29 14:43:00,2014-06-29 14:55:00,11.8,84.0,cloudy,48,27.0,144,15.0
2353850,Male,2014-06-30 18:16:00,2014-06-30 18:27:00,10.8,82.0,tstorms,173,15.0,91,31.0
2345117,Female,2014-06-30 08:36:00,2014-06-30 08:38:00,2.1166666666666667,75.0,cloudy,202,15.0,202,15.0
2352731,Male,2014-06-30 17:32:00,2014-06-30 17:43:00,10.883333333333333,84.0,cloudy,174,23.0,80,19.0
2347535,Male,2014-06-30 12:01:00,2014-06-30 12:21:00,19.4,82.0,cloudy,144,15.0,71,15.0
2338237,Female,2014-06-29 17:53:00,2014-06-29 18:07:00,14.116666666666667,84.9,cloudy,301,19.0,86,15.0
2344115,Male,2014-06-30 07:48:00,2014-06-30 08:01:00,12.983333333333333,73.0,cloudy,280,11.0,15,15.0
2354766,Male,2014-06-30 20:09:00,2014-06-30 20:17:00,7.5166666666666675,70.0,rain or snow,165,19.0,306,15.0
2346243,Female,2014-06-30 09:50:00,2014-06-30 09:58:00,8.283333333333333,78.1,cloudy,344,15.0,293,19.0
2353371,Female,2014-06-30 17:55:00,2014-06-30 18:03:00,8.033333333333333,84.0,cloudy,177,15.0,220,19.0
2353936,Male,2014-06-30 18:21:00,2014-06-30 18:35:00,14.25,82.0,tstorms,195,31.0,255,31.0
2353072,Male,2014-06-30 17:42:00,2014-06-30 17:52:00,9.2,84.0,cloudy,98,15.0,80,19.0
2336242,Female,2014-06-29 16:23:00,2014-06-29 16:37:00,13.2,84.9,cloudy,219,11.0,113,15.0
2347677,Male,2014-06-30 12:14:00,2014-06-30 12:19:00,5.0,82.0,cloudy,45,15.0,197,19.0
2347776,Male,2014-06-30 12:24:00,2014-06-30 12:36:00,11.616666666666667,82.0,cloudy,231,15.0,117,23.0
2352582,Male,2014-06-30 17:27:00,2014-06-30 17:33:00,6.1,84.0,cloudy,192,39.0,80,19.0
2348532,Male,2014-06-30 13:27:00,2014-06-30 13:30:00,3.45,84.9,cloudy,88,15.0,346,15.0
2347836,Male,2014-06-30 12:29:00,2014-06-30 12:33:00,4.466666666666667,82.0,cloudy,75,23.0,283,23.0
2349010,Male,2014-06-30 14:03:00,2014-06-30 14:13:00,10.25,87.1,cloudy,99,19.0,51,31.0
2351323,Male,2014-06-30 16:46:00,2014-06-30 16:52:00,5.7333333333333325,84.0,cloudy,69,19.0,160,15.0
2353447,Male,2014-06-30 17:58:00,2014-06-30 18:22:00,24.6,84.0,cloudy,174,23.0,290,15.0
2338844,Male,2014-06-29 18:24:00,2014-06-29 19:04:00,40.41666666666666,84.2,cloudy,183,15.0,305,15.0
2336079,Male,2014-06-29 16:17:00,2014-06-29 16:23:00,6.166666666666668,84.9,cloudy,152,15.0,131,15.0
2346297,Male,2014-06-30 09:57:00,2014-06-30 10:04:00,7.283333333333332,78.1,cloudy,47,19.0,37,19.0
2338816,Male,2014-06-29 18:22:00,2014-06-29 18:36:00,14.166666666666664,84.2,cloudy,15,15.0,59,19.0
2348073,Female,2014-06-30 12:47:00,2014-06-30 13:01:00,14.133333333333333,82.0,cloudy,87,19.0,303,15.0
2351796,Male,2014-06-30 17:02:00,2014-06-30 17:14:00,12.566666666666665,84.0,cloudy,191,23.0,301,19.0
2336555,Female,2014-06-29 16:36:00,2014-06-29 16:59:00,23.3,84.9,cloudy,183,15.0,226,15.0
2351824,Male,2014-06-30 17:03:00,2014-06-30 17:27:00,24.53333333333333,84.0,cloudy,48,27.0,228,11.0
2346472,Female,2014-06-30 10:10:00,2014-06-30 10:16:00,5.683333333333334,78.1,cloudy,49,27.0,191,23.0
2346445,Male,2014-06-30 10:14:00,2014-06-30 10:19:00,5.4,78.1,cloudy,303,15.0,117,23.0
2346676,Female,2014-06-30 10:40:00,2014-06-30 10:55:00,14.8,78.1,cloudy,176,19.0,51,31.0
2334203,Female,2014-06-29 15:06:00,2014-06-29 15:34:00,27.466666666666665,82.9,cloudy,76,39.0,110,23.0
2344721,Male,2014-06-30 08:19:00,2014-06-30 08:31:00,11.366666666666667,75.0,cloudy,50,27.0,264,19.0
2343569,Male,2014-06-30 07:12:00,2014-06-30 07:17:00,4.4,73.0,cloudy,31,23.0,48,27.0
2344188,Male,2014-06-30 07:52:00,2014-06-30 08:01:00,9.55,73.0,cloudy,50,27.0,77,23.0
2336138,Female,2014-06-29 16:19:00,2014-06-29 16:28:00,8.85,84.9,cloudy,57,15.0,55,15.0
2345214,Male,2014-06-30 08:37:00,2014-06-30 08:47:00,9.816666666666666,75.0,cloudy,91,31.0,55,15.0
2345841,Male,2014-06-30 09:15:00,2014-06-30 09:21:00,6.416666666666668,78.1,cloudy,175,19.0,192,39.0
2352539,Male,2014-06-30 17:25:00,2014-06-30 17:54:00,29.6,84.0,cloudy,91,31.0,260,19.0
2345630,Female,2014-06-30 09:02:00,2014-06-30 09:06:00,4.433333333333334,78.1,cloudy,326,11.0,234,19.0
2332861,Male,2014-06-29 14:19:00,2014-06-29 14:27:00,8.316666666666666,84.0,cloudy,211,19.0,301,19.0
2347689,Male,2014-06-30 12:16:00,2014-06-30 12:43:00,27.6,82.0,cloudy,81,39.0,286,23.0
2352802,Male,2014-06-30 17:34:00,2014-06-30 17:39:00,4.766666666666667,84.0,cloudy,54,19.0,29,15.0
2333112,Male,2014-06-29 14:27:00,2014-06-29 14:44:00,16.933333333333334,84.0,cloudy,71,15.0,268,15.0
2338759,Male,2014-06-29 18:18:00,2014-06-29 18:30:00,11.533333333333333,84.2,cloudy,240,23.0,245,15.0
2331534,Male,2014-06-29 13:32:00,2014-06-29 13:49:00,16.6,82.9,cloudy,261,15.0,75,23.0
2354707,Male,2014-06-30 19:35:00,2014-06-30 19:48:00,13.266666666666667,73.0,tstorms,19,15.0,55,15.0
2341579,Male,2014-06-29 21:04:00,2014-06-29 21:24:00,19.35,79.0,cloudy,220,19.0,312,15.0
2347842,Male,2014-06-30 12:29:00,2014-06-30 12:46:00,16.4,82.0,cloudy,116,15.0,92,19.0
2354875,Male,2014-06-30 20:45:00,2014-06-30 20:47:00,2.066666666666667,70.0,rain or snow,113,15.0,327,19.0
2342153,Female,2014-06-29 21:58:00,2014-06-29 22:04:00,5.783333333333332,79.0,cloudy,229,19.0,165,19.0
2349660,Male,2014-06-30 15:03:00,2014-06-30 15:09:00,6.016666666666668,84.9,cloudy,283,23.0,91,31.0
2354363,Male,2014-06-30 18:46:00,2014-06-30 18:54:00,8.066666666666666,82.0,tstorms,191,23.0,84,19.0
2339165,Male,2014-06-29 18:39:00,2014-06-29 18:54:00,15.066666666666665,84.2,cloudy,90,35.0,48,27.0
2343029,Male,2014-06-30 03:02:00,2014-06-30 03:21:00,18.233333333333334,75.0,tstorms,69,19.0,144,15.0
2341309,Male,2014-06-29 20:46:00,2014-06-29 20:55:00,8.683333333333334,81.0,cloudy,315,11.0,123,15.0
2342025,Male,2014-06-29 21:47:00,2014-06-29 22:07:00,20.533333333333328,79.0,cloudy,312,15.0,313,19.0
2345865,Male,2014-06-30 09:15:00,2014-06-30 09:20:00,4.383333333333334,78.1,cloudy,91,31.0,233,15.0
2353040,Female,2014-06-30 17:42:00,2014-06-30 18:04:00,21.95,84.0,cloudy,174,23.0,141,23.0
2338439,Female,2014-06-29 18:03:00,2014-06-29 18:24:00,20.883333333333333,84.2,cloudy,319,15.0,28,15.0
2351729,Male,2014-06-30 16:59:00,2014-06-30 17:09:00,9.5,84.0,cloudy,199,15.0,91,31.0
2340839,Female,2014-06-29 20:12:00,2014-06-29 20:20:00,8.25,81.0,cloudy,76,39.0,194,11.0
2337044,Male,2014-06-29 16:56:00,2014-06-29 17:11:00,14.883333333333333,84.9,cloudy,328,15.0,204,15.0
2353974,Male,2014-06-30 18:23:00,2014-06-30 18:30:00,6.75,82.0,tstorms,240,23.0,256,15.0
2346686,Male,2014-06-30 10:41:00,2014-06-30 10:53:00,11.966666666666667,78.1,cloudy,341,19.0,168,19.0
2348872,Male,2014-06-30 13:55:00,2014-06-30 14:05:00,10.366666666666667,84.9,cloudy,307,15.0,69,19.0
2353059,Male,2014-06-30 17:42:00,2014-06-30 17:58:00,15.566666666666665,84.0,cloudy,91,31.0,16,11.0
2350856,Female,2014-06-30 16:24:00,2014-06-30 16:31:00,6.716666666666668,84.0,cloudy,143,15.0,289,19.0
2353471,Male,2014-06-30 17:59:00,2014-06-30 18:21:00,22.45,84.0,cloudy,85,23.0,190,15.0
2347630,Female,2014-06-30 12:05:00,2014-06-30 12:28:00,22.86666666666667,82.0,cloudy,321,19.0,196,19.0
2351128,Male,2014-06-30 16:37:00,2014-06-30 16:53:00,16.216666666666665,84.0,cloudy,261,15.0,91,31.0
2351256,Male,2014-06-30 16:43:00,2014-06-30 17:18:00,34.23333333333333,84.0,cloudy,211,19.0,153,19.0
2342536,Female,2014-06-29 22:58:00,2014-06-29 23:11:00,12.7,78.1,cloudy,333,15.0,259,15.0
2340438,Female,2014-06-29 19:49:00,2014-06-29 19:56:00,7.616666666666666,82.0,cloudy,135,11.0,207,15.0
2353014,Male,2014-06-30 17:41:00,2014-06-30 17:44:00,2.8666666666666667,84.0,cloudy,240,23.0,306,15.0
2350702,Male,2014-06-30 16:14:00,2014-06-30 16:19:00,4.716666666666667,84.0,cloudy,192,39.0,37,19.0
2341584,Male,2014-06-29 21:05:00,2014-06-29 21:17:00,12.683333333333335,79.0,cloudy,228,11.0,260,19.0
2337732,Female,2014-06-29 17:27:00,2014-06-29 17:41:00,13.616666666666667,84.9,cloudy,117,23.0,228,11.0
2346250,Male,2014-06-30 09:50:00,2014-06-30 09:56:00,6.2,78.1,cloudy,66,19.0,53,19.0
2351927,Male,2014-06-30 17:06:00,2014-06-30 17:16:00,9.733333333333333,84.0,cloudy,66,19.0,86,15.0
2331805,Male,2014-06-29 13:43:00,2014-06-29 14:05:00,22.25,82.9,cloudy,220,19.0,323,15.0
2331461,Female,2014-06-29 13:30:00,2014-06-29 13:36:00,6.4833333333333325,82.9,cloudy,186,15.0,56,19.0
2349847,Male,2014-06-30 15:17:00,2014-06-30 15:28:00,11.416666666666664,84.9,cloudy,243,15.0,230,19.0
2333666,Female,2014-06-29 14:47:00,2014-06-29 15:15:00,28.316666666666666,84.0,cloudy,291,19.0,85,23.0
2353724,Male,2014-06-30 18:06:00,2014-06-30 18:27:00,20.466666666666665,82.0,tstorms,43,43.0,217,15.0
2350471,Male,2014-06-30 16:00:00,2014-06-30 16:08:00,7.566666666666666,84.0,cloudy,86,15.0,333,15.0
2333022,Male,2014-06-29 14:25:00,2014-06-29 14:49:00,23.966666666666665,84.0,cloudy,59,19.0,35,39.0
2339250,Male,2014-06-29 18:44:00,2014-06-29 18:50:00,6.3,84.2,cloudy,114,27.0,226,15.0
2345917,Male,2014-06-30 09:21:00,2014-06-30 09:27:00,6.516666666666668,78.1,cloudy,238,15.0,344,15.0
2345045,Female,2014-06-30 08:32:00,2014-06-30 08:39:00,6.266666666666668,75.0,cloudy,22,15.0,282,15.0
2353382,Male,2014-06-30 17:55:00,2014-06-30 18:18:00,22.58333333333333,84.0,cloudy,100,23.0,222,19.0
2341096,Female,2014-06-29 20:29:00,2014-06-29 20:35:00,5.383333333333334,81.0,cloudy,299,15.0,114,27.0
2336597,Male,2014-06-29 16:38:00,2014-06-29 16:56:00,18.483333333333334,84.9,cloudy,232,23.0,324,15.0
2332128,Male,2014-06-29 13:54:00,2014-06-29 14:17:00,22.3,82.9,cloudy,177,15.0,254,15.0
2354546,Male,2014-06-30 19:02:00,2014-06-30 19:19:00,16.166666666666668,73.0,tstorms,43,43.0,199,15.0
2334757,Male,2014-06-29 15:26:00,2014-06-29 15:43:00,16.783333333333335,82.9,cloudy,307,15.0,291,19.0
2353627,Male,2014-06-30 18:06:00,2014-06-30 18:13:00,7.133333333333334,82.0,tstorms,59,19.0,178,15.0
2354828,Male,2014-06-30 20:31:00,2014-06-30 20:39:00,8.883333333333333,70.0,rain or snow,342,15.0,19,15.0
2344487,Male,2014-06-30 08:04:00,2014-06-30 08:12:00,7.85,75.0,cloudy,191,23.0,43,43.0
2353525,Male,2014-06-30 18:00:00,2014-06-30 18:18:00,17.85,82.0,tstorms,176,19.0,157,15.0
2350890,Male,2014-06-30 16:26:00,2014-06-30 16:30:00,3.733333333333333,84.0,cloudy,54,19.0,186,15.0
2355018,Male,2014-06-30 21:16:00,2014-06-30 21:24:00,7.733333333333332,70.0,tstorms,67,15.0,117,23.0
2350656,Male,2014-06-30 16:11:00,2014-06-30 16:15:00,3.7666666666666666,84.0,cloudy,307,15.0,188,15.0
2349658,Male,2014-06-30 15:01:00,2014-06-30 15:05:00,4.283333333333333,84.9,cloudy,222,19.0,309,11.0
2349820,Male,2014-06-30 15:15:00,2014-06-30 15:24:00,9.2,84.9,cloudy,241,15.0,137,15.0
2348693,Male,2014-06-30 13:41:00,2014-06-30 13:49:00,8.916666666666666,84.9,cloudy,206,15.0,15,15.0
2345135,Male,2014-06-30 08:37:00,2014-06-30 08:48:00,10.616666666666667,75.0,cloudy,92,19.0,164,23.0
2351182,Male,2014-06-30 16:40:00,2014-06-30 16:46:00,6.35,84.0,cloudy,43,43.0,287,27.0
2345859,Male,2014-06-30 09:15:00,2014-06-30 09:33:00,17.4,78.1,cloudy,66,19.0,342,15.0
2341445,Male,2014-06-29 20:55:00,2014-06-29 21:35:00,39.56666666666667,81.0,cloudy,85,23.0,156,15.0
2341649,Male,2014-06-29 21:09:00,2014-06-29 21:27:00,17.4,79.0,cloudy,94,19.0,199,15.0
2352924,Male,2014-06-30 17:38:00,2014-06-30 17:45:00,6.75,84.0,cloudy,44,27.0,110,23.0
2338158,Male,2014-06-29 17:47:00,2014-06-29 17:53:00,6.016666666666668,84.9,cloudy,158,15.0,123,15.0
2351902,Male,2014-06-30 17:05:00,2014-06-30 17:17:00,12.083333333333336,84.0,cloudy,91,31.0,99,19.0
2343174,Male,2014-06-30 06:26:00,2014-06-30 06:31:00,5.4833333333333325,73.0,cloudy,192,39.0,80,19.0
2350866,Male,2014-06-30 16:25:00,2014-06-30 16:35:00,10.7,84.0,cloudy,165,19.0,327,19.0
2339462,Male,2014-06-29 18:54:00,2014-06-29 19:04:00,10.366666666666667,84.2,cloudy,283,23.0,110,23.0
2351950,Female,2014-06-30 17:07:00,2014-06-30 17:30:00,23.53333333333333,84.0,cloudy,100,23.0,158,15.0
2345357,Male,2014-06-30 08:47:00,2014-06-30 09:06:00,19.683333333333334,75.0,cloudy,317,15.0,36,31.0
2345207,Female,2014-06-30 08:40:00,2014-06-30 09:07:00,27.03333333333333,75.0,cloudy,330,19.0,60,19.0
2333087,Male,2014-06-29 14:26:00,2014-06-29 14:32:00,5.7,84.0,cloudy,307,15.0,166,15.0
2343808,Male,2014-06-30 07:31:00,2014-06-30 07:37:00,6.016666666666668,73.0,cloudy,337,19.0,48,27.0
2339985,Male,2014-06-29 19:23:00,2014-06-29 19:40:00,17.0,82.0,cloudy,226,15.0,344,15.0
2353177,Male,2014-06-30 17:46:00,2014-06-30 18:01:00,14.883333333333333,84.0,cloudy,168,19.0,22,15.0
2351721,Female,2014-06-30 16:59:00,2014-06-30 17:07:00,7.8,84.0,cloudy,223,15.0,94,19.0
2344269,Male,2014-06-30 07:55:00,2014-06-30 08:00:00,5.25,73.0,cloudy,264,19.0,81,39.0
2339532,Female,2014-06-29 18:57:00,2014-06-29 19:12:00,15.583333333333336,84.2,cloudy,176,19.0,99,19.0
2352203,Male,2014-06-30 17:13:00,2014-06-30 17:23:00,10.1,84.0,cloudy,283,23.0,195,31.0
2348944,Male,2014-06-30 14:00:00,2014-06-30 14:03:00,3.3666666666666667,87.1,cloudy,49,27.0,283,23.0
2338670,Female,2014-06-29 18:13:00,2014-06-29 18:23:00,10.366666666666667,84.2,cloudy,302,19.0,223,15.0
2353495,Female,2014-06-30 17:59:00,2014-06-30 18:35:00,35.666666666666664,84.0,cloudy,162,14.0,173,15.0
2350786,Male,2014-06-30 16:19:00,2014-06-30 16:24:00,4.283333333333333,84.0,cloudy,115,23.0,153,19.0
2333855,Male,2014-06-29 14:54:00,2014-06-29 15:00:00,6.4833333333333325,84.0,cloudy,110,23.0,66,19.0
2335381,Male,2014-06-29 15:51:00,2014-06-29 16:08:00,17.166666666666668,82.9,cloudy,37,19.0,35,39.0
2336340,Female,2014-06-29 16:28:00,2014-06-29 16:49:00,20.883333333333333,84.9,cloudy,177,15.0,176,19.0
2345059,Male,2014-06-30 08:31:00,2014-06-30 08:39:00,8.15,75.0,cloudy,255,31.0,37,19.0
2336765,Male,2014-06-29 16:44:00,2014-06-29 16:47:00,2.466666666666667,84.9,cloudy,168,19.0,59,19.0
2333088,Male,2014-06-29 14:26:00,2014-06-29 14:34:00,7.4,84.0,cloudy,339,11.0,339,11.0
2336021,Male,2014-06-29 16:14:00,2014-06-29 16:43:00,28.78333333333333,84.9,cloudy,321,19.0,90,35.0
2347625,Male,2014-06-30 12:09:00,2014-06-30 12:17:00,8.6,82.0,cloudy,42,15.0,321,19.0
2342837,Male,2014-06-30 00:14:00,2014-06-30 00:38:00,24.516666666666666,78.1,cloudy,303,15.0,256,15.0
2333869,Female,2014-06-29 14:50:00,2014-06-29 15:16:00,25.73333333333333,84.0,cloudy,324,15.0,74,23.0
2345138,Male,2014-06-30 08:37:00,2014-06-30 08:46:00,9.183333333333334,75.0,cloudy,198,19.0,81,39.0
2355126,Male,2014-06-30 23:08:00,2014-06-30 23:13:00,5.066666666666666,68.0,tstorms,174,23.0,44,27.0
2343057,Male,2014-06-30 05:21:00,2014-06-30 05:43:00,21.9,73.0,cloudy,220,19.0,77,23.0
2337813,Male,2014-06-29 17:31:00,2014-06-29 17:36:00,5.283333333333333,84.9,cloudy,81,39.0,50,27.0
2342100,Male,2014-06-29 21:57:00,2014-06-29 22:01:00,3.816666666666667,79.0,cloudy,118,19.0,138,15.0
2347316,Male,2014-06-30 11:41:00,2014-06-30 11:47:00,5.85,79.0,cloudy,68,23.0,174,23.0
2351744,Female,2014-06-30 16:59:00,2014-06-30 17:25:00,25.38333333333333,84.0,cloudy,337,19.0,222,19.0
2345283,Male,2014-06-30 08:43:00,2014-06-30 08:53:00,10.116666666666667,75.0,cloudy,233,15.0,37,19.0
2353742,Male,2014-06-30 18:11:00,2014-06-30 18:17:00,5.6,82.0,tstorms,123,15.0,290,15.0
2339655,Male,2014-06-29 19:05:00,2014-06-29 19:14:00,9.433333333333334,82.0,cloudy,176,19.0,141,23.0
2350568,Male,2014-06-30 16:05:00,2014-06-30 16:09:00,3.8,84.0,cloudy,48,27.0,31,23.0
2354648,Male,2014-06-30 19:14:00,2014-06-30 19:17:00,3.25,73.0,tstorms,198,19.0,77,23.0
2351472,Male,2014-06-30 16:52:00,2014-06-30 16:57:00,4.933333333333334,84.0,cloudy,98,15.0,212,31.0
2354779,Male,2014-06-30 20:19:00,2014-06-30 20:25:00,6.316666666666666,70.0,rain or snow,337,19.0,289,19.0
2353322,Male,2014-06-30 17:52:00,2014-06-30 17:57:00,5.233333333333333,84.0,cloudy,136,15.0,55,15.0
2343923,Male,2014-06-30 07:38:00,2014-06-30 07:51:00,12.733333333333333,73.0,cloudy,192,39.0,110,23.0
2345743,Male,2014-06-30 09:09:00,2014-06-30 09:17:00,7.983333333333332,78.1,cloudy,91,31.0,212,31.0
2337593,Male,2014-06-29 17:20:00,2014-06-29 17:39:00,19.166666666666668,84.9,cloudy,50,27.0,301,19.0
2335374,Male,2014-06-29 15:51:00,2014-06-29 15:54:00,3.066666666666667,82.9,cloudy,48,27.0,74,23.0
2346184,Male,2014-06-30 09:44:00,2014-06-30 09:47:00,2.933333333333333,78.1,cloudy,44,27.0,52,31.0
2338838,Male,2014-06-29 18:23:00,2014-06-29 18:44:00,20.433333333333334,84.2,cloudy,309,11.0,75,23.0
2349846,Male,2014-06-30 15:16:00,2014-06-30 15:22:00,5.9,84.9,cloudy,243,15.0,297,15.0
2345139,Male,2014-06-30 08:37:00,2014-06-30 08:48:00,10.733333333333333,75.0,cloudy,59,19.0,36,31.0
2341110,Female,2014-06-29 20:30:00,2014-06-29 20:37:00,6.366666666666666,81.0,cloudy,198,19.0,217,15.0
2347744,Male,2014-06-30 12:22:00,2014-06-30 12:30:00,8.233333333333333,82.0,cloudy,211,19.0,85,23.0
2338669,Male,2014-06-29 18:13:00,2014-06-29 18:20:00,6.966666666666668,84.2,cloudy,194,11.0,56,19.0
2334189,Male,2014-06-29 15:06:00,2014-06-29 15:14:00,8.016666666666667,82.9,cloudy,152,15.0,324,15.0
2338408,Male,2014-06-29 18:01:00,2014-06-29 18:10:00,8.75,84.2,cloudy,111,19.0,164,23.0
2336303,Male,2014-06-29 16:27:00,2014-06-29 16:42:00,14.983333333333333,84.9,cloudy,264,19.0,85,23.0
2343126,Male,2014-06-30 06:08:00,2014-06-30 06:15:00,7.05,73.0,cloudy,318,15.0,229,19.0
2351374,Male,2014-06-30 16:46:00,2014-06-30 16:52:00,6.666666666666668,84.0,cloudy,287,27.0,284,23.0
2349412,Male,2014-06-30 14:40:00,2014-06-30 15:05:00,24.7,87.1,cloudy,44,27.0,106,27.0
2344827,Male,2014-06-30 08:23:00,2014-06-30 08:27:00,4.033333333333333,75.0,cloudy,340,15.0,13,19.0
2346498,Male,2014-06-30 10:20:00,2014-06-30 10:36:00,16.433333333333334,78.1,cloudy,341,19.0,255,31.0
2344479,Female,2014-06-30 08:07:00,2014-06-30 08:20:00,13.2,75.0,cloudy,198,19.0,317,15.0
2344102,Male,2014-06-30 07:47:00,2014-06-30 07:58:00,10.55,73.0,cloudy,74,23.0,49,27.0
2351252,Female,2014-06-30 16:43:00,2014-06-30 17:04:00,20.533333333333328,84.0,cloudy,111,19.0,152,15.0
2353871,Female,2014-06-30 18:17:00,2014-06-30 18:23:00,6.2,82.0,tstorms,60,19.0,327,19.0
2349938,Female,2014-06-30 15:24:00,2014-06-30 15:36:00,11.35,84.9,cloudy,85,23.0,110,23.0
2351813,Male,2014-06-30 17:02:00,2014-06-30 17:05:00,2.75,84.0,cloudy,52,31.0,44,27.0
2333286,Female,2014-06-29 14:33:00,2014-06-29 14:54:00,20.766666666666666,84.0,cloudy,94,19.0,232,23.0
2339891,Female,2014-06-29 19:18:00,2014-06-29 19:23:00,5.083333333333333,82.0,cloudy,289,19.0,27,19.0
2352836,Male,2014-06-30 17:32:00,2014-06-30 17:46:00,13.2,84.0,cloudy,58,19.0,226,15.0
2354683,Male,2014-06-30 19:17:00,2014-06-30 19:31:00,13.666666666666664,73.0,tstorms,144,15.0,229,19.0
2344889,Male,2014-06-30 08:26:00,2014-06-30 08:33:00,7.116666666666666,75.0,cloudy,192,39.0,81,39.0
2348415,Male,2014-06-30 13:17:00,2014-06-30 13:37:00,20.233333333333334,84.9,cloudy,46,19.0,302,19.0
2339587,Male,2014-06-29 18:59:00,2014-06-29 19:12:00,12.833333333333336,84.2,cloudy,268,15.0,313,19.0
2350243,Male,2014-06-30 15:45:00,2014-06-30 15:59:00,14.466666666666667,84.9,cloudy,85,23.0,177,15.0
2338773,Male,2014-06-29 18:19:00,2014-06-29 18:30:00,10.566666666666666,84.2,cloudy,152,15.0,143,15.0
2354339,Male,2014-06-30 18:44:00,2014-06-30 18:49:00,5.266666666666667,82.0,tstorms,140,19.0,301,19.0
2353153,Female,2014-06-30 17:45:00,2014-06-30 18:04:00,19.1,84.0,cloudy,85,23.0,349,15.0
2340778,Female,2014-06-29 20:08:00,2014-06-29 20:24:00,15.833333333333336,81.0,cloudy,76,39.0,35,39.0
2343422,Male,2014-06-30 06:56:00,2014-06-30 06:59:00,3.1166666666666667,73.0,cloudy,327,19.0,225,15.0
2350980,Male,2014-06-30 16:30:00,2014-06-30 16:38:00,8.683333333333334,84.0,cloudy,181,31.0,176,19.0
2335337,Female,2014-06-29 15:50:00,2014-06-29 15:56:00,5.766666666666668,82.9,cloudy,288,11.0,289,19.0
2354482,Female,2014-06-30 18:55:00,2014-06-30 19:01:00,5.233333333333333,82.0,tstorms,118,19.0,94,19.0
2346486,Female,2014-06-30 10:18:00,2014-06-30 10:35:00,16.75,78.1,cloudy,308,11.0,69,19.0
2347448,Male,2014-06-30 11:52:00,2014-06-30 11:55:00,3.0,79.0,cloudy,115,23.0,226,15.0
2339301,Male,2014-06-29 18:46:00,2014-06-29 19:11:00,24.86666666666667,84.2,cloudy,340,15.0,333,15.0
2352786,Male,2014-06-30 17:34:00,2014-06-30 17:52:00,17.816666666666666,84.0,cloudy,25,23.0,334,19.0
2345606,Female,2014-06-30 09:00:00,2014-06-30 09:16:00,15.25,78.1,cloudy,117,23.0,223,15.0
2342850,Male,2014-06-30 00:22:00,2014-06-30 00:27:00,4.716666666666667,78.1,cloudy,131,15.0,347,15.0
2338718,Male,2014-06-29 18:13:00,2014-06-29 18:26:00,13.05,84.2,cloudy,80,19.0,22,15.0
2331687,Female,2014-06-29 13:39:00,2014-06-29 13:57:00,18.2,82.9,cloudy,255,31.0,100,23.0
2351174,Male,2014-06-30 16:39:00,2014-06-30 17:05:00,25.566666666666666,84.0,cloudy,287,27.0,309,11.0
2338195,Male,2014-06-29 17:50:00,2014-06-29 18:10:00,19.35,84.9,cloudy,199,15.0,177,15.0
2342084,Male,2014-06-29 21:55:00,2014-06-29 22:01:00,6.416666666666668,79.0,cloudy,211,19.0,85,23.0
2339036,Female,2014-06-29 18:32:00,2014-06-29 18:40:00,7.633333333333334,84.2,cloudy,94,19.0,289,19.0
2336872,Male,2014-06-29 16:49:00,2014-06-29 16:55:00,6.4833333333333325,84.9,cloudy,211,19.0,53,19.0
2334140,Female,2014-06-29 15:04:00,2014-06-29 15:20:00,16.35,82.9,cloudy,231,15.0,157,15.0
2341669,Male,2014-06-29 21:11:00,2014-06-29 21:27:00,15.233333333333333,79.0,cloudy,174,23.0,35,39.0
2347821,Male,2014-06-30 12:28:00,2014-06-30 12:33:00,5.25,82.0,cloudy,71,15.0,119,19.0
2344522,Male,2014-06-30 08:10:00,2014-06-30 08:15:00,5.3,75.0,cloudy,91,31.0,68,23.0
2354437,Male,2014-06-30 18:52:00,2014-06-30 19:05:00,12.716666666666667,82.0,tstorms,143,15.0,303,15.0
2344125,Male,2014-06-30 07:49:00,2014-06-30 08:27:00,38.266666666666666,73.0,cloudy,306,15.0,81,39.0
2350919,Male,2014-06-30 16:27:00,2014-06-30 16:36:00,8.466666666666667,84.0,cloudy,195,31.0,91,31.0
2342909,Male,2014-06-30 00:54:00,2014-06-30 01:07:00,12.25,78.1,cloudy,115,23.0,304,15.0
2345432,Male,2014-06-30 08:51:00,2014-06-30 08:56:00,4.516666666666667,75.0,cloudy,15,15.0,205,15.0
2334840,Female,2014-06-29 15:29:00,2014-06-29 15:48:00,18.35,82.9,cloudy,181,31.0,233,15.0
2350475,Male,2014-06-30 16:00:00,2014-06-30 16:10:00,9.716666666666667,84.0,cloudy,195,31.0,50,27.0
2355045,Male,2014-06-30 21:26:00,2014-06-30 21:48:00,21.86666666666667,70.0,tstorms,210,19.0,246,11.0
2344003,Male,2014-06-30 07:43:00,2014-06-30 07:49:00,6.333333333333332,73.0,cloudy,106,27.0,212,31.0
2335553,Male,2014-06-29 15:57:00,2014-06-29 16:12:00,14.816666666666665,82.9,cloudy,184,19.0,72,15.0
2346487,Female,2014-06-30 10:19:00,2014-06-30 10:32:00,13.866666666666667,78.1,cloudy,174,23.0,110,23.0
2349434,Male,2014-06-30 14:42:00,2014-06-30 14:51:00,9.066666666666666,87.1,cloudy,196,19.0,283,23.0
2343913,Male,2014-06-30 07:37:00,2014-06-30 07:48:00,10.233333333333333,73.0,cloudy,74,23.0,68,23.0
2343484,Female,2014-06-30 07:04:00,2014-06-30 07:38:00,33.61666666666667,73.0,cloudy,141,23.0,68,23.0
2338409,Male,2014-06-29 18:01:00,2014-06-29 18:04:00,2.9,84.2,cloudy,87,19.0,67,15.0
2351092,Male,2014-06-30 16:35:00,2014-06-30 16:40:00,4.683333333333334,84.0,cloudy,181,31.0,140,19.0
2351500,Male,2014-06-30 16:53:00,2014-06-30 17:06:00,12.883333333333333,84.0,cloudy,24,15.0,75,23.0
2343212,Male,2014-06-30 06:32:00,2014-06-30 06:49:00,17.8,73.0,cloudy,273,15.0,66,19.0
2346869,Male,2014-06-30 10:59:00,2014-06-30 11:24:00,25.15,78.1,cloudy,201,15.0,52,31.0
2343072,Male,2014-06-30 05:35:00,2014-06-30 05:43:00,7.9,73.0,cloudy,255,31.0,341,19.0
2353365,Male,2014-06-30 17:55:00,2014-06-30 18:01:00,6.25,84.0,cloudy,194,11.0,91,31.0
2353269,Male,2014-06-30 17:50:00,2014-06-30 18:02:00,12.416666666666664,84.0,cloudy,91,31.0,57,15.0
2349537,Male,2014-06-30 14:51:00,2014-06-30 15:08:00,16.416666666666668,87.1,cloudy,31,23.0,57,15.0
2345231,Male,2014-06-30 08:41:00,2014-06-30 08:53:00,12.433333333333335,75.0,cloudy,273,15.0,37,19.0
2334527,Male,2014-06-29 15:18:00,2014-06-29 15:29:00,11.033333333333333,82.9,cloudy,331,19.0,332,15.0
2345398,Male,2014-06-30 08:49:00,2014-06-30 09:00:00,11.1,75.0,cloudy,66,19.0,264,19.0
2332394,Female,2014-06-29 14:04:00,2014-06-29 14:18:00,14.333333333333336,84.0,cloudy,59,19.0,90,35.0
2343297,Male,2014-06-30 06:40:00,2014-06-30 07:04:00,23.38333333333333,73.0,cloudy,190,15.0,91,31.0
2354170,Female,2014-06-30 18:35:00,2014-06-30 18:43:00,8.65,82.0,tstorms,251,15.0,256,15.0
2352806,Male,2014-06-30 17:34:00,2014-06-30 17:51:00,16.533333333333335,84.0,cloudy,268,15.0,85,23.0
2350515,Male,2014-06-30 16:02:00,2014-06-30 16:05:00,2.75,84.0,cloudy,75,23.0,169,15.0
2348687,Male,2014-06-30 13:40:00,2014-06-30 14:05:00,25.36666666666667,84.9,cloudy,164,23.0,211,19.0
2335444,Female,2014-06-29 15:54:00,2014-06-29 16:00:00,6.166666666666668,82.9,cloudy,188,15.0,67,15.0
2333255,Male,2014-06-29 14:32:00,2014-06-29 14:46:00,14.25,84.0,cloudy,260,19.0,61,15.0
2345836,Male,2014-06-30 09:15:00,2014-06-30 09:28:00,12.916666666666664,78.1,cloudy,84,19.0,37,19.0
2339377,Male,2014-06-29 18:50:00,2014-06-29 19:00:00,10.216666666666667,84.2,cloudy,56,19.0,26,31.0
2343500,Male,2014-06-30 07:06:00,2014-06-30 07:31:00,25.36666666666667,73.0,cloudy,25,23.0,97,35.0
2347315,Male,2014-06-30 11:41:00,2014-06-30 11:53:00,11.566666666666665,79.0,cloudy,67,15.0,240,23.0
2338411,Female,2014-06-29 18:01:00,2014-06-29 18:28:00,26.966666666666665,84.2,cloudy,249,15.0,177,15.0
2349085,Male,2014-06-30 14:13:00,2014-06-30 14:18:00,4.883333333333334,87.1,cloudy,77,23.0,49,27.0
2348534,Male,2014-06-30 13:27:00,2014-06-30 13:29:00,2.6,84.9,cloudy,37,19.0,50,27.0
2341035,Male,2014-06-29 20:25:00,2014-06-29 20:40:00,14.55,81.0,cloudy,58,19.0,141,23.0
2341327,Female,2014-06-29 20:42:00,2014-06-29 20:52:00,9.716666666666667,81.0,cloudy,156,15.0,343,15.0
2339224,Male,2014-06-29 18:43:00,2014-06-29 18:55:00,11.9,84.2,cloudy,324,15.0,301,19.0
2350499,Male,2014-06-30 16:01:00,2014-06-30 16:14:00,12.8,84.0,cloudy,198,19.0,284,23.0
2353698,Male,2014-06-30 18:08:00,2014-06-30 18:17:00,8.983333333333333,82.0,tstorms,229,19.0,127,15.0
2351762,Female,2014-06-30 17:01:00,2014-06-30 17:17:00,16.5,84.0,cloudy,20,15.0,153,19.0
2352373,Male,2014-06-30 17:19:00,2014-06-30 17:39:00,19.566666666666666,84.0,cloudy,196,19.0,210,19.0
2353888,Male,2014-06-30 18:18:00,2014-06-30 18:25:00,6.5,82.0,tstorms,199,15.0,74,23.0
2344985,Male,2014-06-30 08:30:00,2014-06-30 08:36:00,6.016666666666668,75.0,cloudy,192,39.0,37,19.0
2340287,Male,2014-06-29 19:40:00,2014-06-29 19:42:00,2.283333333333333,82.0,cloudy,261,15.0,342,15.0
2345720,Male,2014-06-30 09:08:00,2014-06-30 09:13:00,5.05,78.1,cloudy,77,23.0,98,15.0
2347633,Male,2014-06-30 12:09:00,2014-06-30 12:25:00,16.283333333333335,82.0,cloudy,35,39.0,91,31.0
2344564,Male,2014-06-30 08:12:00,2014-06-30 08:26:00,14.716666666666667,75.0,cloudy,120,15.0,36,31.0
2331671,Female,2014-06-29 13:38:00,2014-06-29 13:52:00,14.366666666666667,82.9,cloudy,324,15.0,27,19.0
2351598,Male,2014-06-30 16:56:00,2014-06-30 17:22:00,25.73333333333333,84.0,cloudy,44,27.0,129,15.0
2349878,Male,2014-06-30 15:21:00,2014-06-30 15:30:00,9.116666666666667,84.9,cloudy,286,23.0,74,23.0
2353819,Male,2014-06-30 18:15:00,2014-06-30 18:30:00,15.533333333333333,82.0,tstorms,181,31.0,144,15.0
2341212,Male,2014-06-29 20:38:00,2014-06-29 20:42:00,4.25,81.0,cloudy,58,19.0,16,11.0
2348351,Male,2014-06-30 13:07:00,2014-06-30 13:10:00,3.033333333333333,84.9,cloudy,128,15.0,214,15.0
2349751,Male,2014-06-30 15:10:00,2014-06-30 15:21:00,11.45,84.9,cloudy,110,23.0,287,27.0
2349555,Female,2014-06-30 14:54:00,2014-06-30 15:05:00,11.533333333333333,87.1,cloudy,333,15.0,285,15.0
2343978,Male,2014-06-30 07:41:00,2014-06-30 07:44:00,2.75,73.0,cloudy,306,15.0,240,23.0
2340762,Male,2014-06-29 20:07:00,2014-06-29 20:17:00,10.566666666666666,81.0,cloudy,76,39.0,33,27.0
2340252,Male,2014-06-29 19:38:00,2014-06-29 19:56:00,17.883333333333333,82.0,cloudy,228,11.0,324,15.0
2346858,Male,2014-06-30 10:57:00,2014-06-30 11:02:00,4.983333333333333,78.1,cloudy,301,19.0,140,19.0
2341057,Female,2014-06-29 20:27:00,2014-06-29 20:35:00,7.583333333333332,81.0,cloudy,333,15.0,58,19.0
2343714,Male,2014-06-30 07:24:00,2014-06-30 07:32:00,8.516666666666667,73.0,cloudy,174,23.0,43,43.0
2345114,Male,2014-06-30 08:36:00,2014-06-30 08:43:00,6.883333333333334,75.0,cloudy,84,19.0,91,31.0
2352369,Female,2014-06-30 17:19:00,2014-06-30 17:31:00,11.933333333333335,84.0,cloudy,48,27.0,66,19.0
2339210,Male,2014-06-29 18:42:00,2014-06-29 18:52:00,9.683333333333334,84.2,cloudy,289,19.0,85,23.0
2353279,Female,2014-06-30 17:50:00,2014-06-30 18:13:00,23.266666666666666,84.0,cloudy,116,15.0,332,15.0
2334976,Male,2014-06-29 15:35:00,2014-06-29 15:48:00,13.05,82.9,cloudy,177,15.0,329,15.0
2350311,Female,2014-06-30 15:49:00,2014-06-30 16:07:00,18.266666666666666,84.9,cloudy,337,19.0,144,15.0
2353340,Male,2014-06-30 17:53:00,2014-06-30 18:04:00,10.716666666666667,84.0,cloudy,26,31.0,174,23.0
2343441,Male,2014-06-30 07:00:00,2014-06-30 07:11:00,11.483333333333333,73.0,cloudy,231,15.0,244,19.0
2353263,Male,2014-06-30 17:50:00,2014-06-30 17:59:00,8.933333333333334,84.0,cloudy,74,23.0,27,19.0
2353089,Male,2014-06-30 17:43:00,2014-06-30 17:46:00,2.716666666666667,84.0,cloudy,240,23.0,254,15.0
2350120,Male,2014-06-30 15:35:00,2014-06-30 15:48:00,12.65,84.9,cloudy,26,31.0,192,39.0
2334194,Male,2014-06-29 15:06:00,2014-06-29 15:26:00,19.816666666666666,82.9,cloudy,123,15.0,13,19.0
2354567,Male,2014-06-30 19:05:00,2014-06-30 19:55:00,50.23333333333333,73.0,tstorms,177,15.0,67,15.0
2352764,Male,2014-06-30 17:33:00,2014-06-30 17:36:00,3.083333333333333,84.0,cloudy,24,15.0,99,19.0
2350953,Male,2014-06-30 16:29:00,2014-06-30 16:52:00,22.766666666666666,84.0,cloudy,225,15.0,73,19.0
2343435,Female,2014-06-30 06:58:00,2014-06-30 07:06:00,7.716666666666668,73.0,cloudy,255,31.0,37,19.0
2343289,Male,2014-06-30 06:39:00,2014-06-30 06:46:00,7.1,73.0,cloudy,192,39.0,71,15.0
2336898,Female,2014-06-29 16:50:00,2014-06-29 17:09:00,19.316666666666666,84.9,cloudy,61,15.0,152,15.0
2343669,Male,2014-06-30 07:20:00,2014-06-30 07:25:00,4.566666666666666,73.0,cloudy,190,15.0,67,15.0
2346331,Male,2014-06-30 10:01:00,2014-06-30 10:10:00,8.8,78.1,cloudy,169,15.0,169,15.0
2350292,Male,2014-06-30 15:48:00,2014-06-30 15:57:00,8.85,84.9,cloudy,92,19.0,91,31.0
2351212,Male,2014-06-30 16:41:00,2014-06-30 16:51:00,9.783333333333333,84.0,cloudy,52,31.0,174,23.0
2334735,Male,2014-06-29 15:26:00,2014-06-29 15:35:00,9.083333333333334,82.9,cloudy,42,15.0,147,15.0
2344026,Male,2014-06-30 07:44:00,2014-06-30 08:01:00,17.05,73.0,cloudy,192,39.0,331,19.0
2347290,Male,2014-06-30 11:39:00,2014-06-30 11:49:00,9.933333333333334,79.0,cloudy,51,31.0,217,15.0
2353202,Male,2014-06-30 17:47:00,2014-06-30 17:57:00,9.633333333333333,84.0,cloudy,195,31.0,173,15.0
2352276,Female,2014-06-30 17:15:00,2014-06-30 17:21:00,5.066666666666666,84.0,cloudy,234,19.0,293,19.0
2334290,Male,2014-06-29 15:09:00,2014-06-29 15:25:00,16.133333333333333,82.9,cloudy,324,15.0,188,15.0
2354155,Female,2014-06-30 18:33:00,2014-06-30 18:42:00,8.55,82.0,tstorms,306,15.0,244,19.0
2354555,Female,2014-06-30 19:03:00,2014-06-30 19:18:00,14.933333333333335,73.0,tstorms,280,11.0,15,15.0
2352297,Male,2014-06-30 17:16:00,2014-06-30 17:35:00,18.616666666666667,84.0,cloudy,5,19.0,237,15.0
2333663,Male,2014-06-29 14:47:00,2014-06-29 15:11:00,24.7,84.0,cloudy,306,15.0,325,15.0
2338387,Female,2014-06-29 18:00:00,2014-06-29 18:12:00,11.45,84.2,cloudy,54,19.0,301,19.0
2334706,Female,2014-06-29 15:24:00,2014-06-29 15:50:00,25.36666666666667,82.9,cloudy,260,19.0,58,19.0
2352490,Male,2014-06-30 17:23:00,2014-06-30 17:38:00,15.1,84.0,cloudy,331,19.0,192,39.0
2345567,Female,2014-06-30 08:58:00,2014-06-30 09:07:00,8.566666666666666,75.0,cloudy,192,39.0,217,15.0
2343979,Male,2014-06-30 07:41:00,2014-06-30 07:52:00,10.366666666666667,73.0,cloudy,26,31.0,31,23.0
2347648,Male,2014-06-30 12:11:00,2014-06-30 12:17:00,5.65,82.0,cloudy,72,15.0,120,15.0
2343022,Male,2014-06-30 02:49:00,2014-06-30 02:56:00,6.4833333333333325,75.9,tstorms,325,15.0,344,15.0
2344761,Male,2014-06-30 08:20:00,2014-06-30 08:43:00,22.28333333333333,75.0,cloudy,150,11.0,247,15.0
2354841,Female,2014-06-30 20:34:00,2014-06-30 20:43:00,9.0,70.0,rain or snow,113,15.0,115,23.0
2343301,Male,2014-06-30 06:41:00,2014-06-30 06:46:00,4.933333333333334,73.0,cloudy,319,15.0,13,19.0
2347512,Female,2014-06-30 11:58:00,2014-06-30 12:03:00,4.916666666666667,79.0,cloudy,300,15.0,156,15.0
2338442,Female,2014-06-29 18:03:00,2014-06-29 18:10:00,7.316666666666666,84.2,cloudy,184,19.0,279,15.0
2331523,Female,2014-06-29 13:32:00,2014-06-29 13:36:00,3.9166666666666665,82.9,cloudy,177,15.0,313,19.0
2341092,Female,2014-06-29 20:29:00,2014-06-29 20:36:00,6.516666666666668,81.0,cloudy,117,23.0,229,19.0
2346782,Male,2014-06-30 10:48:00,2014-06-30 10:51:00,2.083333333333333,78.1,cloudy,94,19.0,141,23.0
2343070,Male,2014-06-30 05:33:00,2014-06-30 05:49:00,15.75,73.0,cloudy,276,11.0,92,19.0
2352743,Male,2014-06-30 17:32:00,2014-06-30 17:38:00,6.116666666666666,84.0,cloudy,75,23.0,66,19.0
2345457,Male,2014-06-30 08:52:00,2014-06-30 09:09:00,16.383333333333333,75.0,cloudy,191,23.0,97,35.0
2342802,Male,2014-06-29 23:58:00,2014-06-30 00:04:00,6.0,78.1,cloudy,174,23.0,50,27.0
2345879,Female,2014-06-30 09:17:00,2014-06-30 09:26:00,8.55,78.1,cloudy,27,19.0,60,19.0
2354004,Female,2014-06-30 18:25:00,2014-06-30 18:31:00,5.583333333333332,82.0,tstorms,84,19.0,233,15.0
2345267,Female,2014-06-30 08:42:00,2014-06-30 08:49:00,6.616666666666666,75.0,cloudy,21,15.0,75,23.0
2341906,Male,2014-06-29 21:33:00,2014-06-29 21:41:00,8.016666666666667,79.0,cloudy,337,19.0,301,19.0
2353195,Male,2014-06-30 17:47:00,2014-06-30 17:57:00,10.3,84.0,cloudy,284,23.0,174,23.0
2351576,Female,2014-06-30 16:52:00,2014-06-30 17:11:00,19.1,84.0,cloudy,47,19.0,192,39.0
2343316,Female,2014-06-30 06:44:00,2014-06-30 06:56:00,12.933333333333335,73.0,cloudy,67,15.0,58,19.0
2345673,Male,2014-06-30 09:03:00,2014-06-30 09:15:00,11.433333333333335,78.1,cloudy,91,31.0,52,31.0
2350060,Female,2014-06-30 15:31:00,2014-06-30 15:40:00,9.0,84.9,cloudy,241,15.0,137,15.0
2332386,Male,2014-06-29 14:03:00,2014-06-29 14:19:00,15.433333333333335,84.0,cloudy,56,19.0,106,27.0
2354685,Male,2014-06-30 19:17:00,2014-06-30 19:21:00,3.95,73.0,tstorms,77,23.0,66,19.0
2353543,Male,2014-06-30 18:02:00,2014-06-30 18:05:00,3.2666666666666666,82.0,tstorms,302,19.0,190,15.0
2334165,Female,2014-06-29 15:05:00,2014-06-29 15:43:00,38.11666666666667,82.9,cloudy,294,15.0,177,15.0
2335183,Male,2014-06-29 15:44:00,2014-06-29 16:08:00,23.86666666666667,82.9,cloudy,334,19.0,93,15.0
2352396,Female,2014-06-30 17:20:00,2014-06-30 17:46:00,26.266666666666666,84.0,cloudy,208,15.0,219,11.0
2333734,Male,2014-06-29 14:49:00,2014-06-29 14:58:00,9.233333333333333,84.0,cloudy,5,19.0,76,39.0
2352908,Male,2014-06-30 17:38:00,2014-06-30 17:40:00,2.3833333333333333,84.0,cloudy,268,15.0,268,15.0
2334646,Male,2014-06-29 15:23:00,2014-06-29 15:34:00,10.966666666666667,82.9,cloudy,58,19.0,143,15.0
2347029,Male,2014-06-30 11:16:00,2014-06-30 11:20:00,3.733333333333333,79.0,cloudy,192,39.0,91,31.0
2341046,Male,2014-06-29 20:26:00,2014-06-29 20:39:00,13.583333333333336,81.0,cloudy,116,15.0,216,15.0
2351755,Male,2014-06-30 17:00:00,2014-06-30 17:06:00,6.016666666666668,84.0,cloudy,276,11.0,116,15.0
2339161,Female,2014-06-29 18:39:00,2014-06-29 18:45:00,5.883333333333334,84.2,cloudy,24,15.0,47,19.0
2332742,Male,2014-06-29 14:15:00,2014-06-29 14:25:00,9.166666666666666,84.0,cloudy,111,19.0,110,23.0
2342671,Male,2014-06-29 23:20:00,2014-06-29 23:30:00,10.45,78.1,cloudy,76,39.0,110,23.0
2339391,Male,2014-06-29 18:50:00,2014-06-29 18:57:00,6.666666666666668,84.2,cloudy,66,19.0,44,27.0
2337832,Male,2014-06-29 17:32:00,2014-06-29 17:42:00,10.433333333333334,84.9,cloudy,138,15.0,110,23.0
2352083,Female,2014-06-30 17:10:00,2014-06-30 17:17:00,7.183333333333334,84.0,cloudy,26,31.0,43,43.0
2336923,Female,2014-06-29 16:51:00,2014-06-29 16:59:00,8.133333333333333,84.9,cloudy,324,15.0,144,15.0
2353328,Male,2014-06-30 17:53:00,2014-06-30 18:00:00,7.7,84.0,cloudy,75,23.0,56,19.0
2344939,Female,2014-06-30 08:28:00,2014-06-30 08:33:00,4.766666666666667,75.0,cloudy,290,15.0,123,15.0
2337622,Male,2014-06-29 17:22:00,2014-06-29 17:24:00,2.4166666666666665,84.9,cloudy,48,27.0,74,23.0
2353293,Male,2014-06-30 17:51:00,2014-06-30 18:01:00,10.216666666666667,84.0,cloudy,98,15.0,195,31.0
2353640,Male,2014-06-30 18:06:00,2014-06-30 18:17:00,10.583333333333334,82.0,tstorms,69,19.0,222,19.0
2354232,Male,2014-06-30 18:38:00,2014-06-30 18:44:00,6.666666666666668,82.0,tstorms,198,19.0,66,19.0
2343124,Male,2014-06-30 06:07:00,2014-06-30 06:10:00,3.066666666666667,73.0,cloudy,173,15.0,173,15.0
2344561,Female,2014-06-30 08:12:00,2014-06-30 08:27:00,15.666666666666664,75.0,cloudy,183,15.0,91,31.0
2353009,Male,2014-06-30 17:41:00,2014-06-30 17:52:00,11.966666666666667,84.0,cloudy,195,31.0,174,23.0
2340717,Male,2014-06-29 20:04:00,2014-06-29 20:16:00,12.133333333333333,81.0,cloudy,177,15.0,313,19.0
2335547,Male,2014-06-29 15:57:00,2014-06-29 16:18:00,20.883333333333333,82.9,cloudy,143,15.0,17,15.0
2340288,Male,2014-06-29 19:40:00,2014-06-29 20:01:00,20.816666666666666,82.0,cloudy,220,19.0,309,11.0
2352939,Female,2014-06-30 17:36:00,2014-06-30 17:50:00,14.416666666666664,84.0,cloudy,308,11.0,239,15.0
2337929,Male,2014-06-29 17:36:00,2014-06-29 18:02:00,25.55,84.9,cloudy,62,27.0,284,23.0
2346751,Female,2014-06-30 10:46:00,2014-06-30 11:12:00,25.41666666666667,78.1,cloudy,28,15.0,113,15.0
2345641,Male,2014-06-30 09:03:00,2014-06-30 09:15:00,11.933333333333335,78.1,cloudy,198,19.0,86,15.0
2353343,Male,2014-06-30 17:53:00,2014-06-30 18:01:00,8.116666666666667,84.0,cloudy,51,31.0,198,19.0
2347695,Male,2014-06-30 12:16:00,2014-06-30 12:32:00,16.316666666666666,82.0,cloudy,232,23.0,347,15.0
2354109,Female,2014-06-30 18:31:00,2014-06-30 18:33:00,2.533333333333333,82.0,tstorms,60,19.0,93,15.0
2353112,Male,2014-06-30 17:44:00,2014-06-30 17:47:00,3.15,84.0,cloudy,240,23.0,254,15.0
2353636,Female,2014-06-30 18:06:00,2014-06-30 18:14:00,8.233333333333333,82.0,tstorms,283,23.0,59,19.0
2346531,Female,2014-06-30 10:25:00,2014-06-30 10:37:00,12.616666666666667,78.1,cloudy,111,19.0,26,31.0
2350667,Female,2014-06-30 16:12:00,2014-06-30 16:29:00,16.833333333333332,84.0,cloudy,331,19.0,163,15.0
2352263,Male,2014-06-30 17:13:00,2014-06-30 17:23:00,10.216666666666667,84.0,cloudy,36,31.0,134,19.0
2343139,Male,2014-06-30 06:15:00,2014-06-30 06:26:00,10.483333333333333,73.0,cloudy,91,31.0,5,19.0
2346334,Female,2014-06-30 10:02:00,2014-06-30 10:09:00,7.4,78.1,cloudy,278,15.0,184,19.0
2352069,Male,2014-06-30 17:10:00,2014-06-30 17:18:00,8.55,84.0,cloudy,111,19.0,91,31.0
2331932,Female,2014-06-29 13:48:00,2014-06-29 13:58:00,10.4,82.9,cloudy,20,15.0,94,19.0
2331609,Female,2014-06-29 13:35:00,2014-06-29 13:55:00,19.766666666666666,82.9,cloudy,35,39.0,177,15.0
2343604,Male,2014-06-30 07:15:00,2014-06-30 07:22:00,6.9833333333333325,73.0,cloudy,321,19.0,49,27.0
2333195,Female,2014-06-29 14:30:00,2014-06-29 14:41:00,11.316666666666665,84.0,cloudy,165,19.0,154,15.0
2337860,Male,2014-06-29 17:33:00,2014-06-29 17:40:00,7.25,84.9,cloudy,247,15.0,322,15.0
2343204,Male,2014-06-30 06:31:00,2014-06-30 06:43:00,12.5,73.0,cloudy,185,11.0,327,19.0
2343372,Male,2014-06-30 06:49:00,2014-06-30 06:54:00,5.533333333333332,73.0,cloudy,50,27.0,197,19.0
2353786,Male,2014-06-30 18:13:00,2014-06-30 18:16:00,2.783333333333333,82.0,tstorms,311,15.0,243,15.0
2348832,Male,2014-06-30 13:51:00,2014-06-30 13:58:00,6.966666666666668,84.9,cloudy,215,15.0,217,15.0
2347916,Male,2014-06-30 12:35:00,2014-06-30 12:45:00,10.116666666666667,82.0,cloudy,99,19.0,100,23.0
2351389,Male,2014-06-30 16:49:00,2014-06-30 16:53:00,3.816666666666667,84.0,cloudy,100,23.0,47,19.0
2347162,Female,2014-06-30 11:28:00,2014-06-30 11:38:00,9.95,79.0,cloudy,5,19.0,81,39.0
2351953,Male,2014-06-30 17:07:00,2014-06-30 17:22:00,15.866666666666667,84.0,cloudy,80,19.0,5,19.0
2343136,Male,2014-06-30 06:14:00,2014-06-30 06:26:00,12.016666666666667,73.0,cloudy,137,15.0,50,27.0
2345949,Female,2014-06-30 09:23:00,2014-06-30 09:32:00,8.833333333333334,78.1,cloudy,195,31.0,100,23.0
2336436,Male,2014-06-29 16:31:00,2014-06-29 16:43:00,11.983333333333333,84.9,cloudy,129,15.0,342,15.0
2353707,Male,2014-06-30 18:09:00,2014-06-30 18:20:00,11.616666666666667,82.0,tstorms,306,15.0,316,19.0
2340111,Male,2014-06-29 19:31:00,2014-06-29 19:42:00,11.2,82.0,cloudy,338,15.0,341,19.0
2340435,Female,2014-06-29 19:44:00,2014-06-29 19:50:00,5.716666666666668,82.0,cloudy,300,15.0,332,15.0
2352062,Male,2014-06-30 17:09:00,2014-06-30 17:19:00,9.75,84.0,cloudy,287,27.0,110,23.0
2336716,Female,2014-06-29 16:43:00,2014-06-29 17:04:00,21.78333333333333,84.9,cloudy,131,15.0,157,15.0
2344547,Male,2014-06-30 08:11:00,2014-06-30 08:26:00,15.133333333333333,75.0,cloudy,171,11.0,36,31.0
2347859,Male,2014-06-30 12:30:00,2014-06-30 12:55:00,24.016666666666666,82.0,cloudy,334,19.0,173,15.0
2345740,Male,2014-06-30 09:09:00,2014-06-30 09:18:00,8.566666666666666,78.1,cloudy,91,31.0,43,43.0
2331961,Male,2014-06-29 13:48:00,2014-06-29 13:56:00,7.566666666666666,82.9,cloudy,196,19.0,43,43.0
2349634,Female,2014-06-30 15:00:00,2014-06-30 15:12:00,12.483333333333333,84.9,cloudy,287,27.0,287,27.0
2347818,Male,2014-06-30 12:27:00,2014-06-30 12:33:00,5.95,82.0,cloudy,36,31.0,134,19.0
2344695,Female,2014-06-30 08:18:00,2014-06-30 08:30:00,12.616666666666667,75.0,cloudy,192,39.0,110,23.0
2351968,Female,2014-06-30 17:07:00,2014-06-30 17:22:00,15.55,84.0,cloudy,48,27.0,332,15.0
2349769,Female,2014-06-30 15:11:00,2014-06-30 15:29:00,17.7,84.9,cloudy,69,19.0,143,15.0
2339858,Male,2014-06-29 19:17:00,2014-06-29 19:22:00,4.883333333333334,82.0,cloudy,223,15.0,225,15.0
2347741,Female,2014-06-30 12:16:00,2014-06-30 13:14:00,58.56666666666667,82.0,cloudy,52,31.0,52,31.0
2345428,Female,2014-06-30 08:51:00,2014-06-30 09:00:00,8.55,75.0,cloudy,346,15.0,233,15.0
2353422,Male,2014-06-30 17:57:00,2014-06-30 18:05:00,8.15,84.0,cloudy,68,23.0,282,15.0
