id,engine_no,time_in_cycles,operational_setting_1,operational_setting_2,operational_setting_3,sensor_measurement_1,sensor_measurement_2,sensor_measurement_3,sensor_measurement_4,sensor_measurement_5,sensor_measurement_6,sensor_measurement_7,sensor_measurement_8,sensor_measurement_9,sensor_measurement_10,sensor_measurement_11,sensor_measurement_12,sensor_measurement_13,sensor_measurement_14,sensor_measurement_15,sensor_measurement_16,sensor_measurement_17,sensor_measurement_18,sensor_measurement_19,sensor_measurement_20,sensor_measurement_21,time
270,1,271,0.001,0.0018,100.0,518.67,643.01,1591.11,1395.6,14.62,21.58,558.87,2388.14,9083.32,1.3,47.28,526.98,2388.12,8157.56,8.3141,0.03,393,2388,100.0,39.26,23.528,2000-01-02 21:00:00
401,2,81,0.0004,0.0,100.0,518.67,642.88,1581.74,1398.46,14.62,21.61,553.87,2388.07,9050.1,1.3,47.38,521.79,2387.98,8134.7,8.4092,0.03,392,2388,100.0,39.08,23.3215,2000-01-03 18:50:00
810,3,191,41.9983,0.84,100.0,445.0,549.13,1352.21,1122.64,3.91,5.7,139.61,2212.1,8333.04,1.03,41.92,131.7,2388.18,8098.8,9.2919,0.02,330,2212,100.0,10.64,6.4525,2000-01-06 15:00:00
66,1,67,35.0054,0.84,100.0,449.44,555.43,1351.45,1109.9,5.48,7.98,193.43,2222.81,8339.26,1.02,41.55,182.41,2387.89,8062.45,9.3215,0.02,333,2223,100.0,14.9,9.0315,2000-01-01 11:00:00
328,2,8,0.0023,0.0019,100.0,518.67,642.23,1576.51,1391.71,14.62,21.61,554.29,2387.97,9045.29,1.3,47.31,521.72,2388.07,8135.66,8.3894,0.03,392,2388,100.0,38.95,23.4243,2000-01-03 06:40:00
324,2,4,42.0077,0.84,100.0,445.0,548.77,1345.81,1116.64,3.91,5.71,138.82,2211.84,8313.96,1.02,41.71,130.67,2387.88,8079.41,9.32,0.02,330,2212,100.0,10.5,6.2818,2000-01-03 06:00:00
630,3,11,20.0006,0.7001,100.0,491.19,607.29,1471.84,1246.09,9.35,13.63,335.76,2323.92,8720.29,1.08,44.13,316.17,2388.05,8066.31,9.1688,0.02,363,2324,100.0,24.63,14.8258,2000-01-05 09:00:00
72,1,73,34.9996,0.8401,100.0,449.44,554.68,1354.64,1124.58,5.48,7.98,193.48,2222.83,8334.68,1.02,41.52,182.67,2387.85,8058.77,9.3464,0.02,331,2223,100.0,14.88,8.9067,2000-01-01 12:00:00
127,1,128,10.0046,0.2511,100.0,489.05,604.17,1495.57,1298.72,10.52,15.47,393.9,2318.69,8768.8,1.26,45.24,371.27,2387.87,8128.9,8.6257,0.03,368,2319,100.0,28.71,17.1948,2000-01-01 21:10:00
640,3,21,25.0041,0.62,60.0,462.54,536.51,1254.59,1039.83,7.05,9.01,175.77,1915.4,8011.57,0.94,36.53,164.78,2028.29,7872.85,10.8288,0.02,305,1915,84.93,14.27,8.5881,2000-01-05 10:40:00
405,2,85,41.999,0.84,100.0,445.0,549.44,1351.79,1119.04,3.91,5.71,139.66,2211.91,8315.88,1.02,41.79,130.7,2388.01,8081.55,9.3426,0.02,329,2212,100.0,10.64,6.4411,2000-01-03 19:30:00
842,3,223,24.9995,0.62,60.0,462.54,536.45,1262.18,1040.55,7.05,9.01,176.05,1915.5,8019.42,0.94,36.59,165.48,2028.44,7886.87,10.7664,0.02,308,1915,84.93,14.45,8.5002,2000-01-06 20:20:00
295,1,296,35.0006,0.84,100.0,449.44,555.73,1361.84,1133.92,5.48,7.98,198.19,2223.41,8383.27,1.04,42.27,185.92,2388.51,8096.76,9.1701,0.02,335,2223,100.0,15.02,8.9899,2000-01-03 01:10:00
67,1,68,0.0001,0.0,100.0,518.67,641.78,1581.16,1390.67,14.62,21.58,552.27,2387.91,9044.67,1.3,46.91,520.44,2387.95,8130.78,8.4128,0.03,392,2388,100.0,39.14,23.4225,2000-01-01 11:10:00
490,2,170,20.0005,0.7,100.0,491.19,607.17,1482.24,1256.17,9.35,13.65,335.02,2323.94,8719.72,1.08,44.2,315.42,2387.99,8057.82,9.2014,0.02,364,2324,100.0,24.77,14.6756,2000-01-04 09:40:00
178,1,179,42.0047,0.84,100.0,445.0,549.11,1347.88,1123.64,3.91,5.7,138.42,2211.96,8316.48,1.02,41.81,130.04,2388.03,8080.95,9.329,0.02,328,2212,100.0,10.44,6.4344,2000-01-02 05:40:00
179,1,180,35.0016,0.84,100.0,449.44,555.76,1364.07,1111.2,5.48,7.97,193.45,2222.88,8339.09,1.02,41.49,182.27,2387.92,8067.05,9.2474,0.02,330,2223,100.0,14.88,8.8841,2000-01-02 05:50:00
641,3,22,10.0041,0.25,100.0,489.05,604.54,1496.8,1293.02,10.52,15.48,395.82,2318.88,8785.15,1.26,45.29,373.15,2388.06,8137.32,8.6058,0.03,367,2319,100.0,28.77,17.1484,2000-01-05 10:50:00
70,1,71,10.0061,0.25,100.0,489.05,603.79,1491.5,1300.18,10.52,15.46,393.13,2318.68,8762.49,1.26,44.93,370.13,2387.85,8123.16,8.6166,0.03,367,2319,100.0,28.65,17.2694,2000-01-01 11:40:00
397,2,77,42.0005,0.8405,100.0,445.0,549.13,1347.13,1118.85,3.91,5.71,139.05,2211.92,8311.54,1.02,41.9,130.99,2387.93,8079.25,9.329,0.02,330,2212,100.0,10.59,6.3295,2000-01-03 18:10:00
535,2,215,9.9983,0.2504,100.0,489.05,604.34,1501.55,1315.23,10.52,15.49,394.27,2318.89,8780.41,1.26,45.46,371.26,2388.18,8132.84,8.6418,0.03,369,2319,100.0,28.51,17.1078,2000-01-04 17:10:00
473,2,153,35.0024,0.8406,100.0,449.44,555.37,1354.39,1123.45,5.48,8.0,194.92,2222.84,8348.73,1.02,41.6,182.85,2387.96,8066.59,9.306,0.02,335,2223,100.0,14.85,9.0613,2000-01-04 06:50:00
781,3,162,10.0078,0.2517,100.0,489.05,604.62,1499.92,1306.21,10.52,15.48,397.21,2318.93,8791.36,1.26,45.23,374.66,2388.16,8142.85,8.5831,0.03,369,2319,100.0,28.68,17.2962,2000-01-06 10:10:00
782,3,163,0.0027,0.0,100.0,518.67,642.25,1585.88,1397.26,14.62,21.6,557.69,2388.04,9064.9,1.3,47.38,525.98,2388.1,8151.62,8.3576,0.03,393,2388,100.0,39.1,23.4735,2000-01-06 10:20:00
678,3,59,10.0003,0.25,100.0,489.05,604.1,1494.72,1303.13,10.52,15.47,396.78,2318.84,8783.11,1.26,45.27,372.68,2388.05,8131.59,8.5583,0.03,369,2319,100.0,28.67,17.1963,2000-01-05 17:00:00
613,2,293,42.0043,0.8405,100.0,445.0,550.39,1362.33,1144.38,3.91,5.72,138.0,2211.96,8333.63,1.02,42.7,130.38,2388.07,8093.16,9.4054,0.02,333,2212,100.0,10.53,6.297999999999999,2000-01-05 06:10:00
433,2,113,35.0059,0.84,100.0,449.44,555.54,1362.95,1129.59,5.48,8.0,194.94,2222.92,8338.17,1.02,41.76,183.1,2388.1,8071.38,9.2906,0.02,333,2223,100.0,14.95,8.9975,2000-01-04 00:10:00
849,3,230,34.998000000000005,0.8414,100.0,449.44,556.05,1363.57,1131.29,5.48,7.99,196.44,2223.23,8371.37,1.03,41.86,185.7,2388.37,8088.03,9.1742,0.02,335,2223,100.0,15.11,9.0116,2000-01-06 21:30:00
704,3,85,42.0046,0.8411,100.0,445.0,548.73,1350.43,1123.43,3.91,5.7,139.12,2212.04,8323.39,1.02,41.86,131.28,2388.1,8093.38,9.2563,0.02,329,2212,100.0,10.62,6.3161,2000-01-05 21:20:00
247,1,248,25.0046,0.6215,60.0,462.54,536.42,1252.79,1039.07,7.05,9.0,175.95,1915.45,8012.72,0.94,36.47,164.92,2028.36,7877.42,10.8142,0.02,307,1915,84.93,14.36,8.6125,2000-01-02 17:10:00
861,3,242,42.002,0.8403,100.0,445.0,549.04,1357.67,1128.75,3.91,5.7,140.28,2212.2,8348.13,1.03,42.15,132.15,2388.29,8113.41,9.2207,0.02,332,2212,100.0,10.6,6.377999999999999,2000-01-06 23:30:00
63,1,64,9.9987,0.25,100.0,489.05,603.91,1492.47,1295.89,10.52,15.47,392.92,2318.69,8768.53,1.26,45.03,370.33,2387.88,8116.15,8.6115,0.03,370,2319,100.0,28.66,17.2008,2000-01-01 10:30:00
47,1,48,41.9986,0.84,100.0,445.0,549.29,1342.44,1111.0,3.91,5.7,137.82,2211.91,8305.73,1.02,41.66,130.15,2387.97,8070.59,9.3477,0.02,329,2212,100.0,10.51,6.3725,2000-01-01 07:50:00
588,2,268,0.0028,0.0016,100.0,518.67,643.22,1588.74,1414.35,14.62,21.61,552.95,2388.22,9068.49,1.3,47.87,520.08,2388.17,8136.71,8.4615,0.03,396,2388,100.0,38.72,23.1227,2000-01-05 02:00:00
459,2,139,0.0001,0.002,100.0,518.67,642.64,1588.38,1396.23,14.62,21.61,553.18,2388.09,9049.0,1.3,47.41,521.87,2388.06,8129.5,8.4393,0.03,392,2388,100.0,39.05,23.3788,2000-01-04 04:30:00
76,1,77,41.9999,0.8409,100.0,445.0,548.65,1341.13,1109.07,3.91,5.69,138.25,2211.9,8301.9,1.01,41.76,129.83,2387.96,8072.08,9.3752,0.02,330,2212,100.0,10.5,6.3132,2000-01-01 12:40:00
673,3,54,42.0068,0.8409,100.0,445.0,549.05,1348.66,1120.94,3.91,5.71,139.86,2212.01,8323.26,1.02,42.02,131.13,2388.1,8088.63,9.3335,0.02,330,2212,100.0,10.73,6.4634,2000-01-05 16:10:00
856,3,237,42.0004,0.84,100.0,445.0,549.43,1353.57,1129.55,3.91,5.7,139.86,2212.16,8346.72,1.03,42.18,132.28,2388.3,8100.15,9.2276,0.02,331,2212,100.0,10.78,6.4363,2000-01-06 22:40:00
419,2,99,9.9991,0.2515,100.0,489.05,604.63,1496.01,1299.39,10.52,15.49,395.13,2318.87,8773.01,1.26,45.16,371.18,2388.14,8128.65,8.5838,0.03,368,2319,100.0,28.74,17.1616,2000-01-03 21:50:00
379,2,59,20.0065,0.7,100.0,491.19,607.06,1473.38,1243.74,9.35,13.65,334.99,2323.87,8720.59,1.08,44.19,315.14,2388.02,8055.39,9.1574,0.02,364,2324,100.0,24.4,14.7717,2000-01-03 15:10:00
138,1,139,35.0034,0.8402,100.0,449.44,555.09,1363.95,1121.71,5.48,7.97,193.99,2222.85,8336.49,1.02,41.57,182.47,2387.96,8058.34,9.3339,0.02,331,2223,100.0,14.73,8.9369,2000-01-01 23:00:00
700,3,81,42.0069,0.84,100.0,445.0,549.51,1346.96,1119.83,3.91,5.7,138.82,2212.04,8316.42,1.02,41.87,131.23,2388.07,8088.8,9.3011,0.02,329,2212,100.0,10.7,6.4669,2000-01-05 20:40:00
408,2,88,25.0075,0.62,60.0,462.54,536.56,1257.95,1043.97,7.05,9.03,175.85,1915.35,8011.68,0.94,36.34,164.92,2028.18,7867.64,10.8479,0.02,307,1915,84.93,14.43,8.5278,2000-01-03 20:00:00
732,3,113,42.0026,0.84,100.0,445.0,549.34,1348.89,1113.6,3.91,5.7,138.68,2212.05,8320.05,1.02,41.74,131.26,2388.14,8089.67,9.2787,0.02,328,2212,100.0,10.59,6.3562,2000-01-06 02:00:00
362,2,42,10.0078,0.25,100.0,489.05,604.1,1498.08,1303.6,10.52,15.49,395.08,2318.79,8779.51,1.26,45.4,371.74,2388.05,8124.64,8.6149,0.03,369,2319,100.0,28.79,17.2395,2000-01-03 12:20:00
795,3,176,0.0021,0.0,100.0,518.67,642.37,1584.51,1401.25,14.62,21.6,558.45,2388.07,9071.01,1.3,47.25,525.58,2388.07,8149.96,8.3545,0.03,393,2388,100.0,39.3,23.4859,2000-01-06 12:30:00
720,3,101,10.0042,0.2507,100.0,489.05,604.34,1500.22,1304.54,10.52,15.47,396.11,2318.9,8783.51,1.26,45.16,373.28,2388.0,8138.04,8.5761,0.03,369,2319,100.0,28.73,17.2946,2000-01-06 00:00:00
550,2,230,9.9991,0.2517,100.0,489.05,604.95,1499.4,1314.46,10.52,15.49,394.68,2319.02,8783.81,1.26,45.35,371.56,2388.15,8133.63,8.6771,0.03,370,2319,100.0,28.66,17.1054,2000-01-04 19:40:00
420,2,100,20.0045,0.7,100.0,491.19,607.09,1485.12,1244.66,9.35,13.65,334.19,2323.94,8721.67,1.08,44.35,315.3,2388.05,8056.34,9.197,0.02,366,2324,100.0,24.72,14.6641,2000-01-03 22:00:00
330,2,10,20.0051,0.7007,100.0,491.19,607.17,1478.08,1247.67,9.35,13.65,335.12,2323.85,8713.06,1.08,44.19,315.57,2388.02,8060.98,9.1813,0.02,363,2324,100.0,24.7,14.7531,2000-01-03 07:00:00
110,1,111,42.0072,0.84,100.0,445.0,548.9,1341.72,1113.93,3.91,5.69,138.03,2211.96,8304.43,1.01,41.8,129.94,2387.96,8073.52,9.3582,0.02,329,2212,100.0,10.65,6.3072,2000-01-01 18:20:00
124,1,125,35.0039,0.84,100.0,449.44,555.0,1355.13,1119.97,5.48,7.98,193.46,2222.86,8348.55,1.02,41.47,182.6,2387.91,8057.91,9.26,0.02,332,2223,100.0,15.01,9.0094,2000-01-01 20:40:00
164,1,165,9.9988,0.2506,100.0,489.05,603.78,1492.54,1293.43,10.52,15.46,393.5,2318.72,8774.84,1.26,44.99,370.52,2387.87,8122.79,8.6036,0.03,368,2319,100.0,28.58,17.1826,2000-01-02 03:20:00
191,1,192,10.0018,0.25,100.0,489.05,604.41,1491.72,1301.44,10.52,15.47,395.29,2318.82,8777.13,1.26,45.33,371.74,2387.99,8129.48,8.5787,0.03,369,2319,100.0,28.69,17.0844,2000-01-02 07:50:00
582,2,262,35.0038,0.84,100.0,449.44,556.13,1370.24,1141.82,5.48,8.0,193.99,2223.03,8350.91,1.02,42.36,183.01,2388.1,8070.38,9.3596,0.02,336,2223,100.0,14.72,8.9279,2000-01-05 01:00:00
350,2,30,42.0027,0.84,100.0,445.0,549.56,1354.32,1120.99,3.91,5.71,138.64,2211.92,8319.01,1.02,41.9,130.99,2387.95,8082.51,9.3855,0.02,331,2212,100.0,10.6,6.2534,2000-01-03 10:20:00
768,3,149,0.0005,0.0,100.0,518.67,642.03,1594.42,1403.31,14.62,21.6,557.73,2388.11,9071.01,1.3,47.27,524.96,2388.12,8142.95,8.3489,0.03,392,2388,100.0,39.27,23.5657,2000-01-06 08:00:00
147,1,148,10.0016,0.25,100.0,489.05,604.01,1490.88,1296.98,10.52,15.46,392.97,2318.69,8774.49,1.26,44.95,370.73,2387.89,8124.34,8.6264,0.03,367,2319,100.0,28.71,17.0772,2000-01-02 00:30:00
775,3,156,42.0048,0.8402,100.0,445.0,549.59,1349.13,1122.78,3.91,5.71,139.71,2212.01,8321.5,1.03,41.85,131.49,2388.13,8095.78,9.2484,0.02,331,2212,100.0,10.65,6.318,2000-01-06 09:10:00
723,3,104,42.0062,0.84,100.0,445.0,549.46,1350.07,1123.94,3.91,5.7,138.53,2212.03,8332.35,1.02,41.97,130.99,2388.15,8089.65,9.3236,0.02,331,2212,100.0,10.84,6.385,2000-01-06 00:30:00
604,2,284,34.9981,0.8413,100.0,449.44,556.4,1375.25,1149.03,5.48,8.0,193.81,2223.1,8358.14,1.02,42.48,182.35,2388.15,8076.38,9.3842,0.02,335,2223,100.0,14.71,8.8351,2000-01-05 04:40:00
791,3,172,25.0018,0.62,60.0,462.54,536.54,1259.39,1045.17,7.05,9.01,176.83,1915.43,8017.88,0.94,36.54,165.66,2028.34,7879.28,10.7923,0.02,308,1915,84.93,14.25,8.6855,2000-01-06 11:50:00
383,2,63,41.9987,0.84,100.0,445.0,549.48,1349.4,1116.5,3.91,5.71,138.72,2211.82,8319.91,1.02,41.89,130.65,2387.98,8079.58,9.3418,0.02,330,2212,100.0,10.71,6.3645,2000-01-03 15:50:00
104,1,105,9.9993,0.25,100.0,489.05,604.1,1491.99,1294.57,10.52,15.47,393.35,2318.66,8770.75,1.26,45.13,371.33,2387.88,8128.88,8.6488,0.03,367,2319,100.0,28.58,17.1735,2000-01-01 17:20:00
228,1,229,10.0033,0.25,100.0,489.05,604.28,1495.44,1304.71,10.52,15.46,395.3,2318.82,8780.88,1.26,45.25,372.33,2388.01,8136.93,8.5775,0.03,368,2319,100.0,28.72,17.3188,2000-01-02 14:00:00
794,3,175,0.0012,0.0,100.0,518.67,642.43,1593.51,1399.83,14.62,21.6,558.06,2388.14,9067.54,1.3,47.4,525.87,2388.12,8144.85,8.3122,0.03,392,2388,100.0,39.25,23.5982,2000-01-06 12:20:00
65,1,66,42.0043,0.84,100.0,445.0,549.25,1338.23,1115.55,3.91,5.69,137.76,2211.91,8309.32,1.01,41.64,129.91,2388.0,8070.94,9.3859,0.02,327,2212,100.0,10.65,6.303,2000-01-01 10:50:00
837,3,218,10.0066,0.25,100.0,489.05,604.73,1496.41,1308.55,10.52,15.48,397.69,2319.01,8789.25,1.26,45.28,375.21,2388.25,8150.3,8.5539,0.03,370,2319,100.0,28.93,17.3016,2000-01-06 19:30:00
730,3,111,42.0062,0.84,100.0,445.0,549.19,1341.85,1116.52,3.91,5.7,139.73,2211.96,8323.13,1.03,41.71,130.83,2388.04,8087.66,9.2957,0.02,330,2212,100.0,10.8,6.3702,2000-01-06 01:40:00
668,3,49,42.0017,0.8405,100.0,445.0,549.3,1347.6,1119.97,3.91,5.7,139.63,2211.98,8324.54,1.02,41.82,130.64,2388.13,8083.22,9.2909,0.02,329,2212,100.0,10.82,6.385,2000-01-05 15:20:00
643,3,24,24.9996,0.6217,60.0,462.54,536.2,1259.53,1045.12,7.05,9.01,176.69,1915.38,8012.36,0.94,36.46,165.0,2028.29,7875.93,10.851,0.02,308,1915,84.93,14.3,8.6506,2000-01-05 11:10:00
633,3,14,0.0025,0.0015,100.0,518.67,642.21,1589.88,1396.53,14.62,21.6,556.01,2388.08,9064.23,1.3,47.28,524.25,2388.07,8144.1,8.3885,0.03,391,2388,100.0,39.14,23.549,2000-01-05 09:30:00
157,1,158,35.0012,0.84,100.0,449.44,555.0,1359.18,1114.79,5.48,7.97,194.13,2222.81,8343.72,1.02,41.5,181.95,2387.94,8062.27,9.2753,0.02,331,2223,100.0,14.88,8.8772,2000-01-02 02:10:00
804,3,185,25.0062,0.62,60.0,462.54,536.62,1252.21,1039.33,7.05,9.01,176.54,1915.46,8008.7,0.94,36.53,165.48,2028.35,7878.0,10.7779,0.02,305,1915,84.93,14.31,8.6881,2000-01-06 14:00:00
194,1,195,42.0007,0.8413,100.0,445.0,548.81,1343.82,1111.8,3.91,5.7,137.93,2211.94,8314.94,1.02,41.96,130.49,2388.07,8081.77,9.3235,0.02,330,2212,100.0,10.63,6.3835,2000-01-02 08:20:00
425,2,105,42.0015,0.84,100.0,445.0,549.47,1349.8,1113.55,3.91,5.71,139.0,2211.85,8314.08,1.02,41.89,130.39,2387.92,8081.79,9.3311,0.02,330,2212,100.0,10.59,6.3751,2000-01-03 22:50:00
238,1,239,0.0014,0.0008,100.0,518.67,641.58,1586.47,1403.66,14.62,21.58,557.31,2388.03,9066.04,1.3,47.19,524.63,2388.03,8147.55,8.351,0.03,392,2388,100.0,39.17,23.4656,2000-01-02 15:40:00
239,1,240,35.005,0.8401,100.0,449.44,555.61,1362.84,1120.5,5.48,7.97,194.77,2223.05,8356.51,1.02,41.73,183.71,2388.08,8072.6,9.2702,0.02,335,2223,100.0,15.06,8.968,2000-01-02 15:50:00
537,2,217,42.0068,0.84,100.0,445.0,549.69,1357.71,1121.35,3.91,5.72,139.06,2211.88,8329.04,1.02,42.2,130.6,2388.0,8088.34,9.3774,0.02,331,2212,100.0,10.65,6.4184,2000-01-04 17:30:00
112,1,113,0.001,0.0,100.0,518.67,641.49,1575.19,1392.92,14.62,21.58,552.99,2387.93,9055.13,1.3,47.06,520.68,2387.93,8133.53,8.3761,0.03,390,2388,100.0,38.85,23.4599,2000-01-01 18:40:00
77,1,78,42.0033,0.8413,100.0,445.0,549.59,1339.95,1115.48,3.91,5.69,138.12,2211.94,8310.39,1.02,41.64,129.83,2387.92,8075.21,9.3775,0.02,328,2212,100.0,10.36,6.3782,2000-01-01 12:50:00
831,3,212,42.0067,0.8413,100.0,445.0,549.4,1350.97,1120.42,3.91,5.7,140.11,2212.15,8334.19,1.03,42.03,131.34,2388.17,8100.6,9.2502,0.02,329,2212,100.0,10.77,6.4110000000000005,2000-01-06 18:30:00
766,3,147,10.0037,0.2519,100.0,489.05,604.39,1495.36,1305.31,10.52,15.47,396.08,2318.87,8789.57,1.26,45.36,372.81,2388.08,8136.2,8.6022,0.03,369,2319,100.0,28.71,17.2478,2000-01-06 07:40:00
671,3,52,0.0015,0.0018,100.0,518.67,642.41,1575.47,1390.03,14.62,21.6,556.12,2388.14,9060.64,1.3,47.31,524.69,2388.05,8143.66,8.375,0.03,392,2388,100.0,39.14,23.4563,2000-01-05 15:50:00
300,1,301,41.999,0.8402,100.0,445.0,549.44,1356.84,1123.1,3.91,5.69,141.28,2212.38,8361.95,1.04,42.47,132.98,2388.5,8119.65,9.1917,0.02,332,2212,100.0,11.0,6.4417,2000-01-03 02:00:00
710,3,91,42.0021,0.8415,100.0,445.0,549.02,1347.67,1120.26,3.91,5.7,139.2,2212.05,8323.34,1.02,41.96,131.03,2388.06,8092.38,9.2851,0.02,332,2212,100.0,10.74,6.3139,2000-01-05 22:20:00
357,2,37,25.0012,0.62,60.0,462.54,536.85,1250.07,1035.7,7.05,9.02,175.84,1915.25,8014.23,0.94,36.57,165.45,2028.2,7870.36,10.9057,0.02,308,1915,84.93,14.44,8.6931,2000-01-03 11:30:00
209,1,210,25.0063,0.6205,60.0,462.54,536.7,1257.95,1041.88,7.05,9.0,175.4,1915.33,8002.07,0.94,36.41,164.86,2028.27,7869.6,10.8446,0.02,305,1915,84.93,14.32,8.6213,2000-01-02 10:50:00
74,1,75,10.0057,0.25,100.0,489.05,604.12,1497.28,1290.6,10.52,15.46,394.29,2318.67,8772.98,1.26,44.66,370.84,2387.85,8120.32,8.6157,0.03,367,2319,100.0,28.58,17.2542,2000-01-01 12:20:00
855,3,236,20.004,0.7006,100.0,491.19,607.3,1485.01,1253.16,9.35,13.63,338.79,2324.23,8752.19,1.08,44.51,319.24,2388.34,8082.94,9.1136,0.02,365,2324,100.0,24.59,14.9814,2000-01-06 22:30:00
236,1,237,25.0028,0.6208,60.0,462.54,536.68,1254.04,1040.96,7.05,9.0,175.54,1915.45,8014.38,0.94,36.45,164.93,2028.3,7874.62,10.8332,0.02,304,1915,84.93,14.41,8.6109,2000-01-02 15:20:00
495,2,175,20.0057,0.7003,100.0,491.19,608.04,1488.24,1247.27,9.35,13.66,335.85,2323.97,8719.98,1.08,44.48,314.89,2388.06,8061.48,9.2246,0.02,364,2324,100.0,24.59,14.6864,2000-01-04 10:30:00
707,3,88,35.0031,0.8409,100.0,449.44,555.53,1355.47,1121.11,5.48,7.98,195.44,2223.02,8357.57,1.02,41.61,183.36,2388.14,8072.11,9.2527,0.02,333,2223,100.0,14.94,8.8939,2000-01-05 21:50:00
378,2,58,0.0004,0.0004,100.0,518.67,642.19,1588.23,1393.53,14.62,21.61,554.55,2388.05,9056.19,1.3,47.13,522.48,2388.06,8135.89,8.3963,0.03,393,2388,100.0,38.87,23.4439,2000-01-03 15:00:00
788,3,169,42.0,0.84,100.0,445.0,549.33,1353.11,1127.86,3.91,5.7,139.21,2212.09,8327.83,1.03,41.97,131.29,2388.17,8097.28,9.2994,0.02,330,2212,100.0,10.55,6.3549,2000-01-06 11:20:00
857,3,238,42.0033,0.8409,100.0,445.0,549.73,1364.48,1126.53,3.91,5.71,140.56,2212.2,8355.22,1.03,42.2,132.22,2388.24,8106.57,9.215,0.02,330,2212,100.0,10.67,6.5173,2000-01-06 22:50:00
476,2,156,34.9985,0.84,100.0,449.44,555.44,1366.3,1130.24,5.48,8.0,194.62,2222.95,8351.6,1.02,41.77,183.14,2388.01,8071.6,9.3284,0.02,333,2223,100.0,14.94,8.8761,2000-01-04 07:20:00
573,2,253,25.0043,0.62,60.0,462.54,536.7,1252.21,1053.96,7.05,9.03,175.25,1915.4,8012.72,0.94,36.94,164.3,2028.28,7877.51,10.9178,0.02,308,1915,84.93,14.21,8.5629,2000-01-04 23:30:00
133,1,134,42.0002,0.84,100.0,445.0,548.9,1351.53,1112.92,3.91,5.7,136.97,2211.98,8315.98,1.02,41.72,129.89,2388.02,8075.05,9.3352,0.02,329,2212,100.0,10.69,6.3409,2000-01-01 22:10:00
822,3,203,9.9996,0.2504,100.0,489.05,604.89,1490.35,1303.25,10.52,15.48,399.08,2319.02,8790.43,1.26,45.29,374.99,2388.16,8143.66,8.5711,0.03,371,2319,100.0,28.69,17.3419,2000-01-06 17:00:00
11,1,12,34.9993,0.84,100.0,449.44,554.53,1365.99,1122.73,5.48,7.98,193.67,2222.78,8337.46,1.02,41.45,181.71,2387.86,8056.31,9.3041,0.02,332,2223,100.0,14.68,8.8752,2000-01-01 01:50:00
347,2,27,34.9988,0.84,100.0,449.44,555.21,1356.22,1120.7,5.48,8.0,194.49,2222.8,8339.49,1.02,41.76,183.34,2387.93,8062.17,9.3035,0.02,333,2223,100.0,14.98,8.9975,2000-01-03 09:50:00
336,2,16,20.0041,0.7,100.0,491.19,606.36,1481.61,1251.83,9.35,13.65,335.23,2323.91,8718.75,1.08,44.15,315.35,2388.05,8055.81,9.2104,0.02,365,2324,100.0,24.57,14.686,2000-01-03 08:00:00
376,2,56,34.9991,0.8414,100.0,449.44,554.79,1366.01,1125.3,5.48,8.0,194.89,2222.91,8348.58,1.02,41.78,183.26,2387.95,8062.23,9.2588,0.02,333,2223,100.0,14.85,8.908999999999997,2000-01-03 14:40:00
193,1,194,10.008,0.2514,100.0,489.05,604.14,1498.7,1309.3,10.52,15.46,395.34,2318.77,8766.13,1.26,45.11,371.37,2387.95,8128.62,8.6049,0.03,368,2319,100.0,28.89,17.2704,2000-01-02 08:10:00
520,2,200,0.0016,0.001,100.0,518.67,642.77,1589.25,1405.28,14.62,21.61,553.43,2388.05,9060.44,1.3,47.32,521.55,2388.05,8136.07,8.4579,0.03,393,2388,100.0,38.8,23.3093,2000-01-04 14:40:00
428,2,108,20.0061,0.7015,100.0,491.19,607.45,1478.4,1255.95,9.35,13.65,335.34,2323.89,8719.9,1.08,44.3,315.31,2387.99,8059.9,9.2274,0.02,363,2324,100.0,24.49,14.7474,2000-01-03 23:20:00
155,1,156,19.9982,0.7,100.0,491.19,606.94,1474.86,1243.24,9.35,13.61,332.68,2323.75,8710.73,1.07,44.0,313.35,2387.81,8056.0,9.2035,0.02,363,2324,100.0,24.42,14.7066,2000-01-02 01:50:00
154,1,155,42.0042,0.84,100.0,445.0,548.73,1343.72,1114.71,3.91,5.7,138.11,2211.93,8312.54,1.02,41.81,130.06,2388.0,8074.41,9.3734,0.02,329,2212,100.0,10.6,6.3018,2000-01-02 01:40:00
753,3,134,41.9984,0.84,100.0,445.0,549.09,1351.99,1113.05,3.91,5.7,139.08,2212.0,8319.47,1.02,41.72,130.74,2388.13,8092.17,9.2931,0.02,329,2212,100.0,10.6,6.4263,2000-01-06 05:30:00
273,1,274,42.0035,0.84,100.0,445.0,549.14,1361.98,1123.63,3.91,5.69,139.77,2212.19,8338.01,1.03,41.99,131.32,2388.29,8101.92,9.2248,0.02,331,2212,100.0,10.72,6.3296,2000-01-02 21:30:00
92,1,93,20.0071,0.7,100.0,491.19,606.58,1473.21,1232.98,9.35,13.61,332.83,2323.65,8705.95,1.07,43.89,312.7,2387.82,8045.65,9.1983,0.02,363,2324,100.0,24.33,14.6484,2000-01-01 15:20:00
544,2,224,10.0054,0.2506,100.0,489.05,604.81,1505.8,1311.77,10.52,15.49,393.7,2318.98,8784.0,1.26,45.56,371.1,2388.16,8129.8,8.6742,0.03,370,2319,100.0,28.44,16.9972,2000-01-04 18:40:00
631,3,12,35.0047,0.8403,100.0,449.44,554.6,1358.45,1119.74,5.48,7.99,194.46,2223.01,8356.73,1.02,41.71,183.38,2388.07,8068.06,9.2648,0.02,333,2223,100.0,14.81,8.8708,2000-01-05 09:10:00
287,1,288,0.0015,0.0,100.0,518.67,642.62,1584.53,1413.35,14.62,21.58,561.23,2388.26,9091.71,1.31,47.61,529.14,2388.24,8161.33,8.3212,0.03,393,2388,100.0,39.44,23.6491,2000-01-02 23:50:00
36,1,37,35.0002,0.84,100.0,449.44,555.46,1356.76,1115.28,5.48,7.97,193.14,2222.77,8334.09,1.02,41.36,181.89,2387.88,8053.58,9.2801,0.02,332,2223,100.0,14.94,8.8709,2000-01-01 06:00:00
358,2,38,20.0009,0.7,100.0,491.19,606.75,1477.64,1245.4,9.35,13.65,334.97,2323.86,8712.74,1.08,44.19,315.22,2388.05,8055.9,9.1984,0.02,364,2324,100.0,24.58,14.7194,2000-01-03 11:40:00
385,2,65,24.9984,0.6203,60.0,462.54,536.55,1253.27,1049.71,7.05,9.03,175.83,1915.34,8007.44,0.94,36.45,165.04,2028.2,7874.26,10.87,0.02,306,1915,84.93,14.37,8.5985,2000-01-03 16:10:00
503,2,183,10.0011,0.25,100.0,489.05,604.38,1506.6,1310.46,10.52,15.49,394.93,2318.91,8779.16,1.26,45.38,372.14,2388.1,8122.55,8.6128,0.03,369,2319,100.0,28.72,17.1658,2000-01-04 11:50:00
321,2,1,41.9998,0.84,100.0,445.0,548.99,1341.82,1113.16,3.91,5.71,138.87,2211.84,8314.83,1.02,42.03,130.36,2387.98,8082.37,9.33,0.02,331,2212,100.0,10.77,6.2894,2000-01-03 05:30:00
399,2,79,35.0001,0.84,100.0,449.44,555.5,1360.68,1127.17,5.48,8.0,194.84,2222.85,8346.27,1.02,41.56,182.83,2387.98,8064.86,9.3143,0.02,332,2223,100.0,14.73,8.8767,2000-01-03 18:30:00
342,2,22,20.0075,0.7,100.0,491.19,606.9,1482.84,1243.64,9.35,13.65,335.29,2323.95,8722.93,1.08,44.05,315.96,2388.03,8059.65,9.2476,0.02,365,2324,100.0,24.64,14.7116,2000-01-03 09:00:00
541,2,221,41.9987,0.84,100.0,445.0,549.49,1348.0,1124.59,3.91,5.71,139.21,2211.92,8317.87,1.02,42.25,130.39,2387.97,8087.2,9.3355,0.02,332,2212,100.0,10.59,6.3548,2000-01-04 18:10:00
463,2,143,10.0021,0.25,100.0,489.05,604.88,1499.27,1303.06,10.52,15.49,393.99,2318.85,8776.11,1.26,45.36,372.17,2388.08,8133.92,8.6095,0.03,370,2319,100.0,28.58,17.2162,2000-01-04 05:10:00
337,2,17,20.0009,0.7,100.0,491.19,607.35,1486.71,1236.43,9.35,13.65,334.39,2323.92,8723.79,1.08,44.12,315.26,2388.04,8060.85,9.1868,0.02,365,2324,100.0,24.5,14.7589,2000-01-03 08:10:00
214,1,215,42.0022,0.8411,100.0,445.0,549.35,1349.11,1116.37,3.91,5.69,138.78,2211.99,8313.36,1.02,41.98,130.34,2388.06,8082.33,9.2955,0.02,330,2212,100.0,10.61,6.2636,2000-01-02 11:40:00
424,2,104,25.0038,0.6208,60.0,462.54,536.67,1252.64,1048.84,7.05,9.02,175.56,1915.33,8009.62,0.94,36.52,165.1,2028.24,7871.57,10.848,0.02,306,1915,84.93,14.42,8.5925,2000-01-03 22:40:00
364,2,44,42.0043,0.8415,100.0,445.0,548.59,1349.27,1122.59,3.91,5.72,139.06,2211.87,8310.25,1.02,42.02,130.71,2387.99,8086.73,9.3102,0.02,329,2212,100.0,10.79,6.3981,2000-01-03 12:40:00
847,3,228,9.9984,0.2516,100.0,489.05,605.51,1502.49,1306.04,10.52,15.48,399.29,2319.14,8795.49,1.26,45.46,375.88,2388.31,8153.61,8.5493,0.03,370,2319,100.0,28.88,17.4225,2000-01-06 21:10:00
62,1,63,0.0026,0.0,100.0,518.67,642.41,1574.98,1388.29,14.62,21.57,550.74,2387.57,9037.5,1.3,46.95,519.63,2387.56,8120.54,8.4093,0.03,390,2388,100.0,38.83,23.3222,2000-01-01 10:20:00
477,2,157,25.0002,0.62,60.0,462.54,536.59,1259.51,1052.22,7.05,9.03,175.52,1915.3,8020.23,0.94,36.63,164.49,2028.23,7869.16,10.8835,0.02,305,1915,84.93,14.29,8.6256,2000-01-04 07:30:00
299,1,300,0.0021,0.0,100.0,518.67,643.06,1596.09,1413.01,14.62,21.58,563.39,2388.31,9099.61,1.31,47.73,530.8,2388.32,8169.88,8.2907,0.03,396,2388,100.0,39.5,23.655,2000-01-03 01:50:00
153,1,154,25.0,0.62,60.0,462.54,536.45,1250.45,1040.74,7.05,9.0,175.35,1915.28,7995.06,0.94,36.63,164.21,2028.17,7861.01,10.8484,0.02,306,1915,84.93,14.35,8.5502,2000-01-02 01:30:00
244,1,245,19.9996,0.7,100.0,491.19,606.84,1485.52,1246.53,9.35,13.61,336.56,2323.91,8722.87,1.08,44.36,315.83,2388.06,8067.44,9.1293,0.02,364,2324,100.0,24.6,14.8015,2000-01-02 16:40:00
646,3,27,10.0054,0.25,100.0,489.05,604.72,1495.4,1299.68,10.52,15.48,396.42,2318.89,8776.6,1.26,45.28,373.51,2388.05,8134.96,8.5882,0.03,369,2319,100.0,28.75,17.3681,2000-01-05 11:40:00
437,2,117,10.0059,0.2506,100.0,489.05,604.21,1501.45,1299.84,10.52,15.49,395.74,2318.92,8770.07,1.26,45.08,371.9,2388.07,8126.91,8.6493,0.03,369,2319,100.0,28.77,17.0153,2000-01-04 00:50:00
13,1,14,20.0056,0.7008,100.0,491.19,607.32,1470.33,1242.41,9.35,13.61,333.71,2323.72,8714.35,1.07,43.92,313.3,2387.85,8051.34,9.2272,0.02,364,2324,100.0,24.3,14.7105,2000-01-01 02:10:00
152,1,153,25.0053,0.62,60.0,462.54,536.43,1262.22,1040.0,7.05,9.0,175.07,1915.25,8000.68,0.94,36.39,163.69,2028.18,7866.92,10.864,0.02,306,1915,84.93,14.42,8.5167,2000-01-02 01:20:00
654,3,35,0.0002,0.0,100.0,518.67,642.28,1582.96,1409.55,14.62,21.6,556.26,2388.04,9062.8,1.3,47.21,524.31,2388.03,8145.59,8.3701,0.03,392,2388,100.0,39.03,23.5046,2000-01-05 13:00:00
612,2,292,25.0012,0.6204,60.0,462.54,537.25,1266.48,1065.79,7.05,9.03,174.52,1915.45,8018.54,0.94,37.33,164.56,2028.37,7886.27,11.001,0.02,309,1915,84.93,14.06,8.3943,2000-01-05 06:00:00
304,1,305,0.0016,0.0,100.0,518.67,642.94,1598.86,1421.57,14.62,21.58,564.02,2388.41,9097.85,1.31,47.87,531.54,2388.33,8176.48,8.2561,0.03,396,2388,100.0,39.25,23.6714,2000-01-03 02:40:00
170,1,171,9.9998,0.25,100.0,489.05,604.45,1495.4,1299.94,10.52,15.46,393.7,2318.7,8776.96,1.26,44.95,371.0,2387.92,8129.09,8.5932,0.03,367,2319,100.0,28.56,17.2238,2000-01-02 04:20:00
799,3,180,10.0077,0.25,100.0,489.05,604.52,1498.66,1306.23,10.52,15.48,397.82,2318.96,8784.15,1.26,45.24,374.74,2388.19,8148.16,8.5358,0.03,369,2319,100.0,28.84,17.2152,2000-01-06 13:10:00
596,2,276,35.0048,0.8404,100.0,449.44,556.33,1370.97,1141.33,5.48,8.0,194.08,2223.04,8357.64,1.02,42.33,182.67,2388.13,8065.29,9.4044,0.02,338,2223,100.0,14.94,8.8533,2000-01-05 03:20:00
827,3,208,25.0041,0.6217,60.0,462.54,536.71,1258.16,1045.31,7.05,9.01,176.6,1915.48,8018.53,0.94,36.55,165.84,2028.45,7882.85,10.784,0.02,306,1915,84.93,14.42,8.6976,2000-01-06 17:50:00
34,1,35,9.9991,0.25,100.0,489.05,604.18,1491.92,1296.02,10.52,15.47,393.79,2318.73,8769.63,1.26,44.93,370.54,2387.9,8122.59,8.5963,0.03,367,2319,100.0,28.41,17.2067,2000-01-01 05:40:00
452,2,132,25.0028,0.62,60.0,462.54,536.5,1261.99,1046.97,7.05,9.02,175.3,1915.26,8006.43,0.94,36.53,164.86,2028.13,7871.65,10.8833,0.02,306,1915,84.93,14.35,8.5933,2000-01-04 03:20:00
441,2,121,42.0055,0.84,100.0,445.0,549.46,1354.41,1119.7,3.91,5.72,139.02,2211.84,8306.94,1.02,41.79,130.67,2387.91,8081.03,9.3361,0.02,332,2212,100.0,10.57,6.3467,2000-01-04 01:30:00
374,2,54,35.006,0.84,100.0,449.44,554.9,1367.23,1127.67,5.48,8.0,193.95,2222.84,8344.06,1.02,41.73,183.32,2387.9,8066.86,9.3155,0.02,332,2223,100.0,14.87,8.937000000000003,2000-01-03 14:20:00
253,1,254,10.0058,0.25,100.0,489.05,604.66,1499.83,1309.53,10.52,15.46,396.52,2318.94,8785.19,1.26,45.42,373.41,2388.11,8146.93,8.58,0.03,369,2319,100.0,28.71,17.2996,2000-01-02 18:10:00
17,1,18,42.0018,0.84,100.0,445.0,549.42,1344.69,1113.86,3.91,5.7,137.42,2211.94,8309.02,1.02,41.7,130.18,2387.98,8079.03,9.347,0.02,329,2212,100.0,10.62,6.3735,2000-01-01 02:50:00
417,2,97,25.0043,0.6216,60.0,462.54,536.72,1259.78,1038.96,7.05,9.02,176.14,1915.24,8001.69,0.94,36.55,164.73,2028.16,7874.23,10.8953,0.02,308,1915,84.93,14.5,8.6234,2000-01-03 21:30:00
180,1,181,0.0022,0.0,100.0,518.67,641.86,1580.64,1395.85,14.62,21.58,553.53,2387.94,9048.86,1.3,47.16,522.95,2387.98,8139.7,8.3796,0.03,391,2388,100.0,39.06,23.4657,2000-01-02 06:00:00
33,1,34,35.0052,0.8403,100.0,449.44,554.64,1351.01,1122.88,5.48,7.98,193.26,2222.77,8335.33,1.02,41.37,182.43,2387.87,8058.22,9.3291,0.02,333,2223,100.0,14.89,8.9402,2000-01-01 05:30:00
326,2,6,10.0044,0.2519,100.0,489.05,604.02,1493.35,1294.04,10.52,15.49,395.04,2318.83,8764.91,1.26,45.14,372.3,2388.05,8122.94,8.6255,0.03,368,2319,100.0,28.77,17.2051,2000-01-03 06:20:00
146,1,147,19.999,0.7005,100.0,491.19,606.66,1474.26,1239.48,9.35,13.61,333.69,2323.76,8714.07,1.07,44.14,313.76,2387.89,8057.27,9.1998,0.02,362,2324,100.0,24.46,14.7882,2000-01-02 00:20:00
624,3,5,0.0007,0.0015,100.0,518.67,642.22,1584.73,1401.2,14.62,21.59,556.8,2388.11,9060.33,1.3,47.27,523.65,2387.95,8139.21,8.3341,0.03,392,2388,100.0,39.12,23.5334,2000-01-05 08:00:00
772,3,153,35.0068,0.8405,100.0,449.44,555.29,1363.04,1125.19,5.48,7.99,195.55,2223.07,8359.38,1.03,41.78,184.24,2388.16,8073.05,9.248,0.02,332,2223,100.0,15.0,8.9979,2000-01-06 08:40:00
89,1,90,0.0021,0.0006,100.0,518.67,642.07,1576.06,1384.53,14.62,21.58,552.98,2387.94,9048.04,1.3,47.19,520.69,2387.94,8131.56,8.4011,0.03,391,2388,100.0,38.95,23.4175,2000-01-01 14:50:00
721,3,102,0.0017,0.0001,100.0,518.67,641.96,1590.71,1399.79,14.62,21.6,557.41,2388.05,9063.94,1.3,47.43,525.04,2388.06,8142.71,8.3691,0.03,391,2388,100.0,39.16,23.4612,2000-01-06 00:10:00
224,1,225,25.0019,0.622,60.0,462.54,537.07,1256.43,1040.15,7.05,9.01,176.45,1915.41,8009.7,0.94,36.61,165.11,2028.29,7874.86,10.7836,0.02,308,1915,84.93,14.22,8.6566,2000-01-02 13:20:00
555,2,235,25.0042,0.6205,60.0,462.54,537.09,1257.69,1044.48,7.05,9.03,176.04,1915.34,8013.49,0.94,36.85,164.28,2028.26,7876.69,10.8927,0.02,308,1915,84.93,14.11,8.6391,2000-01-04 20:30:00
615,2,295,19.9982,0.7002,100.0,491.19,608.6,1501.41,1263.71,9.35,13.66,333.34,2324.21,8746.56,1.07,44.88,313.79,2388.27,8067.36,9.3213,0.03,368,2324,100.0,24.25,14.6146,2000-01-05 06:30:00
254,1,255,35.0069,0.84,100.0,449.44,555.72,1353.47,1123.29,5.48,7.97,195.37,2223.04,8352.55,1.03,41.75,183.24,2388.16,8075.19,9.2251,0.02,333,2223,100.0,14.9,8.9047,2000-01-02 18:20:00
797,3,178,20.0048,0.7012,100.0,491.19,607.1,1482.59,1243.88,9.35,13.63,337.17,2324.0,8724.32,1.08,44.25,317.04,2388.16,8065.36,9.0956,0.02,364,2324,100.0,24.62,14.7195,2000-01-06 12:50:00
840,3,221,10.0029,0.251,100.0,489.05,604.49,1499.85,1311.48,10.52,15.48,398.01,2319.07,8797.46,1.26,45.38,375.36,2388.24,8150.68,8.5381,0.03,369,2319,100.0,28.81,17.2773,2000-01-06 20:00:00
42,1,43,25.0043,0.6212,60.0,462.54,536.31,1256.04,1028.79,7.05,9.01,174.24,1915.24,7994.03,0.94,36.42,163.84,2028.18,7865.94,10.8548,0.02,305,1915,84.93,14.4,8.6184,2000-01-01 07:00:00
551,2,231,41.9985,0.8416,100.0,445.0,549.31,1360.88,1130.19,3.91,5.72,139.01,2211.87,8325.47,1.02,42.26,130.27,2387.97,8083.41,9.4042,0.02,332,2212,100.0,10.55,6.242000000000001,2000-01-04 19:50:00
411,2,91,20.0005,0.7,100.0,491.19,607.04,1479.77,1250.81,9.35,13.65,334.67,2323.89,8718.34,1.08,44.13,315.74,2388.07,8062.21,9.178,0.02,364,2324,100.0,24.5,14.8532,2000-01-03 20:30:00
395,2,75,42.0022,0.84,100.0,445.0,549.37,1352.04,1118.96,3.91,5.72,139.41,2211.87,8317.53,1.02,42.03,130.92,2387.97,8080.28,9.3429,0.02,328,2212,100.0,10.62,6.4302,2000-01-03 17:50:00
310,1,311,42.0044,0.8401,100.0,445.0,549.86,1364.9,1141.2,3.91,5.69,141.82,2212.41,8369.27,1.04,42.4,133.26,2388.5,8125.58,9.0937,0.02,332,2212,100.0,10.79,6.4548,2000-01-03 03:40:00
513,2,193,20.0037,0.7007,100.0,491.19,607.66,1483.09,1245.67,9.35,13.66,334.38,2323.91,8728.61,1.08,44.33,314.94,2388.11,8061.85,9.2438,0.02,365,2324,100.0,24.64,14.6071,2000-01-04 13:30:00
518,2,198,0.0003,0.0,100.0,518.67,643.19,1588.14,1401.02,14.62,21.61,553.01,2388.07,9055.52,1.3,47.43,521.8,2388.1,8132.51,8.4796,0.03,394,2388,100.0,38.82,23.3045,2000-01-04 14:20:00
666,3,47,41.9996,0.84,100.0,445.0,549.39,1349.57,1112.58,3.91,5.7,139.72,2211.98,8321.42,1.03,41.71,131.26,2388.04,8090.08,9.3046,0.02,330,2212,100.0,10.63,6.3641,2000-01-05 15:00:00
431,2,111,24.9986,0.621,60.0,462.54,536.46,1260.94,1039.47,7.05,9.02,176.42,1915.28,8004.51,0.94,36.43,164.56,2028.18,7871.81,10.8897,0.02,306,1915,84.93,14.31,8.52,2000-01-03 23:50:00
120,1,121,35.001,0.84,100.0,449.44,555.1,1348.61,1113.96,5.48,7.98,192.81,2222.77,8334.48,1.02,41.52,182.13,2387.93,8058.81,9.2515,0.02,332,2223,100.0,14.82,8.9027,2000-01-01 20:00:00
455,2,135,25.0044,0.62,60.0,462.54,536.65,1257.1,1044.39,7.05,9.02,175.55,1915.26,8007.59,0.94,36.61,164.68,2028.21,7875.09,10.8684,0.02,305,1915,84.93,14.29,8.6032,2000-01-04 03:50:00
106,1,107,25.0073,0.6206,60.0,462.54,536.2,1258.8,1035.5,7.05,9.0,174.56,1915.23,7997.07,0.94,36.46,163.35,2028.12,7861.63,10.8509,0.02,305,1915,84.93,14.24,8.6356,2000-01-01 17:40:00
113,1,114,10.0039,0.2509,100.0,489.05,604.28,1493.73,1295.14,10.52,15.46,393.2,2318.64,8769.27,1.26,45.0,369.99,2387.87,8122.62,8.6053,0.03,368,2319,100.0,28.6,17.1584,2000-01-01 18:50:00
427,2,107,9.9981,0.25,100.0,489.05,604.74,1495.27,1306.32,10.52,15.49,395.82,2318.86,8771.13,1.26,45.28,372.07,2388.1,8126.06,8.6415,0.03,371,2319,100.0,28.82,17.1272,2000-01-03 23:10:00
136,1,137,42.0051,0.8413,100.0,445.0,549.5,1343.94,1114.96,3.91,5.69,138.13,2211.94,8312.78,1.02,41.74,130.31,2388.0,8076.73,9.3641,0.02,328,2212,100.0,10.72,6.3056,2000-01-01 22:40:00
345,2,25,10.0034,0.2504,100.0,489.05,604.66,1496.95,1294.67,10.52,15.49,395.16,2318.81,8773.75,1.26,45.22,371.67,2388.02,8123.71,8.629,0.03,367,2319,100.0,28.79,17.2477,2000-01-03 09:30:00
741,3,122,0.0025,0.0017,100.0,518.67,642.32,1579.52,1402.07,14.62,21.6,556.69,2388.04,9058.36,1.3,47.31,524.32,2388.01,8141.56,8.3199,0.03,393,2388,100.0,39.24,23.406,2000-01-06 03:30:00
632,3,13,10.0047,0.2512,100.0,489.05,604.45,1489.04,1305.94,10.52,15.48,396.04,2318.84,8781.53,1.26,45.09,372.52,2388.02,8135.63,8.5675,0.03,369,2319,100.0,28.83,17.2135,2000-01-05 09:20:00
585,2,265,34.9984,0.84,100.0,449.44,556.19,1373.46,1142.13,5.48,8.0,194.33,2223.07,8362.67,1.02,42.25,183.11,2388.2,8070.09,9.3651,0.02,336,2223,100.0,14.7,8.8738,2000-01-05 01:30:00
221,1,222,42.0007,0.84,100.0,445.0,549.39,1350.21,1109.78,3.91,5.69,138.61,2212.0,8321.04,1.02,41.77,129.9,2388.09,8084.32,9.2734,0.02,330,2212,100.0,10.72,6.4661,2000-01-02 12:50:00
290,1,291,25.0067,0.62,60.0,462.54,536.86,1261.69,1053.07,7.05,9.0,177.71,1915.61,8027.32,0.94,36.9,166.78,2028.57,7892.67,10.7383,0.02,306,1915,84.93,14.39,8.5576,2000-01-03 00:20:00
522,2,202,20.0062,0.7018,100.0,491.19,607.85,1486.14,1253.72,9.35,13.65,334.62,2324.01,8723.45,1.08,44.55,314.82,2388.09,8063.5,9.2398,0.02,363,2324,100.0,24.64,14.7055,2000-01-04 15:00:00
402,2,82,10.0043,0.25,100.0,489.05,604.52,1497.85,1305.23,10.52,15.49,394.75,2318.84,8774.32,1.26,45.28,371.63,2388.07,8125.43,8.6053,0.03,369,2319,100.0,28.71,17.2704,2000-01-03 19:00:00
590,2,270,10.0004,0.25,100.0,489.05,605.4,1505.26,1330.11,10.52,15.5,393.68,2319.14,8790.57,1.26,45.77,371.04,2388.27,8140.22,8.7052,0.03,370,2319,100.0,28.55,17.0503,2000-01-05 02:20:00
859,3,240,41.9984,0.84,100.0,445.0,549.23,1355.9,1129.44,3.91,5.7,140.02,2212.16,8345.35,1.03,42.22,132.08,2388.28,8108.89,9.2067,0.02,331,2212,100.0,10.74,6.4060000000000015,2000-01-06 23:10:00
90,1,91,9.9992,0.25,100.0,489.05,604.5,1495.21,1297.27,10.52,15.47,394.31,2318.68,8770.68,1.26,45.18,370.4,2387.93,8125.2,8.6104,0.03,366,2319,100.0,28.62,16.9787,2000-01-01 15:00:00
285,1,286,35.0033,0.84,100.0,449.44,555.47,1362.33,1131.66,5.48,7.97,196.68,2223.32,8375.82,1.03,41.97,185.7,2388.42,8089.57,9.1451,0.02,335,2223,100.0,15.0,8.9859,2000-01-02 23:30:00
474,2,154,41.9997,0.8414,100.0,445.0,549.82,1353.23,1118.16,3.91,5.71,138.85,2211.84,8313.4,1.02,41.92,130.1,2387.95,8083.39,9.3619,0.02,331,2212,100.0,10.76,6.4619,2000-01-04 07:00:00
776,3,157,42.0063,0.8417,100.0,445.0,549.15,1349.27,1118.57,3.91,5.7,139.36,2212.08,8325.0,1.03,41.85,130.69,2388.11,8096.73,9.2735,0.02,332,2212,100.0,10.47,6.4362,2000-01-06 09:20:00
215,1,216,24.9999,0.6203,60.0,462.54,536.62,1268.2,1041.39,7.05,9.0,175.64,1915.34,8002.48,0.94,36.47,164.85,2028.22,7872.86,10.8151,0.02,305,1915,84.93,14.39,8.6277,2000-01-02 11:50:00
384,2,64,25.0044,0.6219,60.0,462.54,536.74,1249.68,1046.37,7.05,9.02,176.02,1915.26,8002.27,0.94,36.53,164.44,2028.13,7869.37,10.8451,0.02,306,1915,84.93,14.19,8.5394,2000-01-03 16:00:00
858,3,239,24.9997,0.62,60.0,462.54,537.27,1270.23,1046.72,7.05,9.01,177.43,1915.57,8025.35,0.94,36.65,166.32,2028.46,7888.46,10.7744,0.02,308,1915,84.93,14.4,8.6578,2000-01-06 23:00:00
787,3,168,42.0045,0.84,100.0,445.0,549.48,1347.56,1120.21,3.91,5.7,139.4,2212.04,8326.05,1.03,41.92,131.72,2388.18,8097.49,9.257,0.02,330,2212,100.0,10.72,6.4197,2000-01-06 11:10:00
220,1,221,35.008,0.8419,100.0,449.44,555.22,1354.38,1120.61,5.48,7.97,194.68,2223.01,8346.78,1.02,41.86,183.51,2388.09,8067.12,9.2696,0.02,332,2223,100.0,14.76,8.9688,2000-01-02 12:40:00
605,2,285,10.0026,0.25,100.0,489.05,605.62,1505.86,1323.3,10.52,15.5,393.2,2319.1,8793.96,1.26,45.86,370.2,2388.29,8134.69,8.7134,0.03,372,2319,100.0,28.21,17.0421,2000-01-05 04:50:00
423,2,103,20.0077,0.7,100.0,491.19,607.05,1479.23,1251.22,9.35,13.65,335.28,2323.94,8715.66,1.08,44.17,315.46,2388.05,8053.72,9.2119,0.02,365,2324,100.0,24.33,14.6151,2000-01-03 22:30:00
53,1,54,42.0026,0.841,100.0,445.0,548.85,1345.46,1108.95,3.91,5.7,138.18,2211.88,8311.53,1.02,41.8,129.83,2387.99,8075.98,9.355,0.02,329,2212,100.0,10.61,6.3754,2000-01-01 08:50:00
669,3,50,25.0033,0.6211,60.0,462.54,536.38,1258.7,1039.37,7.05,9.01,176.51,1915.41,8008.66,0.94,36.61,165.61,2028.33,7874.2,10.8552,0.02,306,1915,84.93,14.41,8.589,2000-01-05 15:30:00
563,2,243,0.0008,0.0,100.0,518.67,642.56,1594.19,1416.4,14.62,21.61,552.87,2388.14,9062.52,1.3,47.8,520.53,2388.13,8139.76,8.4624,0.03,393,2388,100.0,38.74,23.0691,2000-01-04 21:50:00
616,2,296,20.0078,0.7,100.0,491.19,608.93,1495.42,1278.71,9.35,13.66,333.63,2324.17,8743.57,1.07,45.1,314.26,2388.35,8076.25,9.2883,0.03,368,2324,100.0,24.43,14.5192,2000-01-05 06:40:00
622,3,3,0.0019,0.0002,100.0,518.67,642.37,1583.69,1394.99,14.62,21.6,555.55,2388.04,9060.27,1.3,47.25,523.91,2388.06,8144.02,8.3698,0.03,393,2388,100.0,39.24,23.5148,2000-01-05 07:40:00
278,1,279,25.0009,0.62,60.0,462.54,536.49,1254.3,1044.41,7.05,9.0,176.65,1915.55,8025.76,0.94,36.55,165.35,2028.44,7883.24,10.7596,0.02,306,1915,84.93,14.45,8.7187,2000-01-02 22:20:00
189,1,190,10.0042,0.25,100.0,489.05,604.66,1490.27,1289.4,10.52,15.46,394.2,2318.7,8770.12,1.26,45.0,371.31,2387.95,8129.69,8.6015,0.03,369,2319,100.0,28.78,17.153,2000-01-02 07:30:00
464,2,144,20.002,0.7013,100.0,491.19,607.29,1485.66,1248.52,9.35,13.65,334.8,2323.89,8728.09,1.08,44.41,314.98,2388.05,8056.85,9.1827,0.02,364,2324,100.0,24.62,14.7756,2000-01-04 05:20:00
50,1,51,10.0046,0.2505,100.0,489.05,604.11,1498.59,1303.71,10.52,15.47,393.47,2318.65,8773.48,1.26,45.03,371.04,2387.84,8124.64,8.5976,0.03,367,2319,100.0,28.47,17.1766,2000-01-01 08:20:00
762,3,143,25.0072,0.62,60.0,462.54,536.69,1257.59,1042.87,7.05,9.01,176.57,1915.39,8013.9,0.94,36.76,164.89,2028.32,7876.66,10.8201,0.02,305,1915,84.93,14.46,8.5861,2000-01-06 07:00:00
283,1,284,35.0062,0.84,100.0,449.44,556.03,1364.51,1135.44,5.48,7.97,195.98,2223.29,8370.24,1.03,41.92,185.13,2388.39,8085.22,9.1827,0.02,333,2223,100.0,14.94,9.1698,2000-01-02 23:10:00
793,3,174,34.9982,0.8417,100.0,449.44,555.58,1362.66,1129.27,5.48,7.99,195.51,2223.1,8366.83,1.03,41.94,184.85,2388.17,8074.61,9.245,0.02,333,2223,100.0,14.76,9.0653,2000-01-06 12:10:00
262,1,263,20.0005,0.7003,100.0,491.19,607.29,1485.86,1243.9,9.35,13.61,336.32,2324.03,8735.89,1.08,44.28,317.37,2388.17,8073.08,9.1316,0.02,365,2324,100.0,24.68,14.7969,2000-01-02 19:40:00
83,1,84,20.0031,0.7,100.0,491.19,606.79,1469.57,1238.58,9.35,13.61,332.53,2323.7,8702.15,1.07,43.94,313.84,2387.83,8055.89,9.1847,0.02,364,2324,100.0,24.43,14.7178,2000-01-01 13:50:00
479,2,159,0.0026,0.0016,100.0,518.67,642.3,1591.93,1402.39,14.62,21.61,553.26,2388.05,9052.71,1.3,47.43,521.77,2388.06,8131.65,8.4211,0.03,393,2388,100.0,39.02,23.2189,2000-01-04 07:50:00
282,1,283,0.0026,0.0,100.0,518.67,642.63,1588.31,1407.42,14.62,21.58,559.9,2388.21,9076.58,1.31,47.55,528.45,2388.18,8160.17,8.307,0.03,394,2388,100.0,39.31,23.568,2000-01-02 23:00:00
538,2,218,9.9983,0.2514,100.0,489.05,604.78,1500.15,1311.09,10.52,15.49,393.82,2318.97,8780.31,1.26,45.51,371.76,2388.17,8129.32,8.6958,0.03,369,2319,100.0,28.61,16.964000000000002,2000-01-04 17:40:00
35,1,36,41.9996,0.8402,100.0,445.0,548.75,1339.51,1111.43,3.91,5.7,137.71,2211.84,8298.92,1.02,41.66,129.9,2387.98,8071.54,9.3344,0.02,329,2212,100.0,10.58,6.3067,2000-01-01 05:50:00
289,1,290,10.0065,0.2502,100.0,489.05,604.32,1497.66,1299.22,10.52,15.46,399.91,2319.18,8812.72,1.27,45.41,376.74,2388.36,8154.71,8.5457,0.03,370,2319,100.0,28.81,17.2731,2000-01-03 00:10:00
559,2,239,10.0044,0.2513,100.0,489.05,604.86,1514.65,1309.12,10.52,15.5,394.4,2319.02,8791.35,1.26,45.56,371.22,2388.2,8135.77,8.6854,0.03,372,2319,100.0,28.64,17.0496,2000-01-04 21:10:00
777,3,158,42.0033,0.84,100.0,445.0,549.43,1355.52,1125.51,3.91,5.7,139.23,2212.06,8323.72,1.03,41.75,131.6,2388.12,8089.38,9.2777,0.02,330,2212,100.0,10.62,6.3918,2000-01-06 09:30:00
434,2,114,20.0075,0.7001,100.0,491.19,606.84,1488.89,1246.02,9.35,13.65,334.38,2323.9,8732.8,1.08,44.09,315.16,2388.06,8058.07,9.2187,0.02,365,2324,100.0,24.71,14.7727,2000-01-04 00:20:00
611,2,291,42.0055,0.84,100.0,445.0,550.15,1362.85,1142.72,3.91,5.72,138.36,2211.94,8339.17,1.02,42.59,130.24,2388.03,8097.77,9.4804,0.02,334,2212,100.0,10.52,6.2306,2000-01-05 05:50:00
225,1,226,35.0033,0.84,100.0,449.44,555.31,1359.02,1116.75,5.48,7.97,194.78,2223.01,8350.81,1.02,41.68,183.02,2388.04,8067.6,9.2774,0.02,333,2223,100.0,15.02,8.9524,2000-01-02 13:30:00
651,3,32,10.0034,0.2502,100.0,489.05,604.4,1495.03,1295.49,10.52,15.48,396.05,2318.88,8776.16,1.26,45.28,373.2,2388.1,8132.38,8.5913,0.03,368,2319,100.0,28.77,17.2713,2000-01-05 12:30:00
595,2,275,35.0055,0.84,100.0,449.44,556.08,1370.15,1144.42,5.48,8.0,194.28,2223.02,8357.95,1.02,42.27,182.77,2388.15,8066.53,9.3835,0.02,335,2223,100.0,14.82,8.7855,2000-01-05 03:10:00
167,1,168,35.0072,0.8408,100.0,449.44,554.56,1359.24,1122.2,5.48,7.97,194.26,2222.83,8343.54,1.02,41.64,182.5,2387.95,8062.85,9.3146,0.02,332,2223,100.0,14.86,9.0275,2000-01-02 03:50:00
260,1,261,41.9997,0.84,100.0,445.0,548.83,1349.98,1127.96,3.91,5.69,139.12,2212.09,8335.55,1.03,42.01,131.15,2388.22,8098.4,9.2483,0.02,331,2212,100.0,10.5,6.4679,2000-01-02 19:20:00
139,1,140,0.0009,0.0002,100.0,518.67,641.74,1588.39,1391.63,14.62,21.58,553.22,2387.94,9033.82,1.3,46.84,520.84,2387.91,8129.47,8.4,0.03,391,2388,100.0,38.95,23.3584,2000-01-01 23:10:00
288,1,289,41.9986,0.84,100.0,445.0,549.2,1351.64,1128.54,3.91,5.69,140.08,2212.23,8349.72,1.03,42.2,133.09,2388.41,8114.22,9.2202,0.02,333,2212,100.0,10.81,6.4002,2000-01-03 00:00:00
650,3,31,10.0025,0.25,100.0,489.05,604.86,1498.97,1300.06,10.52,15.48,395.91,2318.9,8786.83,1.26,45.35,372.83,2388.13,8136.05,8.5768,0.03,368,2319,100.0,28.74,17.2396,2000-01-05 12:20:00
184,1,185,9.998,0.2518,100.0,489.05,604.7,1487.83,1304.36,10.52,15.46,394.18,2318.7,8770.5,1.26,44.95,371.75,2387.98,8129.38,8.5802,0.03,368,2319,100.0,28.65,17.1736,2000-01-02 06:40:00
821,3,202,42.0064,0.84,100.0,445.0,549.06,1351.15,1126.16,3.91,5.71,140.38,2212.08,8335.73,1.03,41.98,131.58,2388.14,8101.38,9.2374,0.02,330,2212,100.0,10.61,6.511,2000-01-06 16:50:00
796,3,177,20.0047,0.7013,100.0,491.19,607.29,1482.41,1250.6,9.35,13.64,336.44,2324.05,8733.35,1.08,44.26,316.92,2388.17,8066.47,9.1149,0.02,365,2324,100.0,24.53,14.8078,2000-01-06 12:40:00
740,3,121,25.0012,0.6211,60.0,462.54,536.16,1255.48,1045.45,7.05,9.01,175.63,1915.38,8003.83,0.94,36.66,164.77,2028.34,7880.81,10.8502,0.02,307,1915,84.93,14.3,8.5979,2000-01-06 03:20:00
465,2,145,41.9995,0.8413,100.0,445.0,549.3,1347.35,1126.69,3.91,5.71,139.0,2211.9,8315.97,1.02,41.98,130.91,2387.91,8086.18,9.343,0.02,330,2212,100.0,10.6,6.3849,2000-01-04 05:30:00
409,2,89,25.0059,0.6211,60.0,462.54,536.28,1256.77,1041.22,7.05,9.03,175.78,1915.31,8006.35,0.94,36.59,164.51,2028.18,7870.66,10.8489,0.02,305,1915,84.93,14.43,8.5451,2000-01-03 20:10:00
325,2,5,24.9999,0.62,60.0,462.54,537.0,1259.55,1043.95,7.05,9.03,175.64,1915.26,8012.87,0.94,36.34,165.3,2028.13,7867.08,10.8841,0.02,307,1915,84.93,14.26,8.5789,2000-01-03 06:10:00
546,2,226,9.9993,0.25,100.0,489.05,605.21,1512.12,1308.88,10.52,15.49,394.3,2318.97,8781.76,1.26,45.38,370.91,2388.22,8125.68,8.6804,0.03,371,2319,100.0,28.5,17.1838,2000-01-04 19:00:00
792,3,173,25.0065,0.62,60.0,462.54,536.61,1244.8,1046.45,7.05,9.01,175.85,1915.43,8014.09,0.94,36.63,164.84,2028.29,7882.17,10.7961,0.02,305,1915,84.93,14.27,8.6309,2000-01-06 12:00:00
340,2,20,0.0013,0.0,100.0,518.67,641.71,1590.66,1402.08,14.62,21.61,554.16,2388.05,9047.28,1.3,47.18,521.73,2388.06,8132.47,8.3901,0.03,391,2388,100.0,39.1,23.4692,2000-01-03 08:40:00
584,2,264,0.0002,0.0,100.0,518.67,643.25,1597.01,1423.87,14.62,21.61,552.85,2388.17,9066.22,1.3,47.94,520.39,2388.09,8141.51,8.4701,0.03,395,2388,100.0,38.74,23.2544,2000-01-05 01:20:00
617,2,297,24.9993,0.6205,60.0,462.54,537.21,1264.64,1070.69,7.05,9.03,174.94,1915.47,8027.48,0.94,37.38,163.82,2028.42,7885.78,11.0337,0.02,308,1915,84.93,14.09,8.5068,2000-01-05 06:50:00
55,1,56,20.0018,0.7,100.0,491.19,605.96,1478.09,1241.52,9.35,13.61,333.13,2323.69,8713.43,1.07,44.08,313.51,2387.8,8052.98,9.189,0.02,362,2324,100.0,24.42,14.5716,2000-01-01 09:10:00
696,3,77,0.0009,0.0017,100.0,518.67,642.16,1588.17,1397.94,14.62,21.6,556.68,2388.08,9064.76,1.3,47.3,523.73,2388.07,8146.6,8.3629,0.03,393,2388,100.0,39.11,23.476,2000-01-05 20:00:00
828,3,209,20.0033,0.7,100.0,491.19,607.43,1482.99,1250.28,9.35,13.64,337.27,2324.15,8742.96,1.08,44.55,318.41,2388.29,8075.66,9.1121,0.02,365,2324,100.0,24.63,14.8223,2000-01-06 18:00:00
814,3,195,35.0058,0.84,100.0,449.44,555.28,1366.23,1120.92,5.48,7.99,195.69,2223.15,8366.06,1.03,41.81,184.95,2388.27,8083.37,9.2435,0.02,333,2223,100.0,14.88,8.9352,2000-01-06 15:40:00
664,3,45,25.006,0.6202,60.0,462.54,536.19,1252.9,1044.37,7.05,9.01,176.4,1915.35,8013.42,0.94,36.47,165.29,2028.2,7872.6,10.8179,0.02,308,1915,84.93,14.48,8.6027,2000-01-05 14:40:00
656,3,37,10.0064,0.25,100.0,489.05,604.38,1495.98,1305.73,10.52,15.48,395.54,2318.86,8782.9,1.26,44.98,373.32,2388.03,8136.45,8.5953,0.03,368,2319,100.0,28.83,17.137,2000-01-05 13:20:00
286,1,287,41.9989,0.84,100.0,445.0,549.48,1358.59,1129.22,3.91,5.69,140.73,2212.29,8345.25,1.03,42.22,132.15,2388.34,8110.7,9.2351,0.02,332,2212,100.0,10.68,6.3814,2000-01-02 23:40:00
163,1,164,0.0005,0.0001,100.0,518.67,642.03,1582.24,1381.65,14.62,21.57,552.92,2388.01,9046.81,1.3,46.98,520.35,2387.98,8126.93,8.3579,0.03,390,2388,100.0,38.83,23.3056,2000-01-02 03:10:00
496,2,176,42.0036,0.8417,100.0,445.0,549.78,1347.81,1123.17,3.91,5.71,138.23,2211.95,8320.14,1.02,42.17,130.66,2387.99,8081.41,9.3494,0.02,331,2212,100.0,10.75,6.3057,2000-01-04 10:40:00
539,2,219,0.0001,0.0003,100.0,518.67,642.39,1593.51,1411.1,14.62,21.61,553.21,2388.11,9058.41,1.3,47.63,521.31,2388.08,8134.25,8.4503,0.03,393,2388,100.0,38.8,23.2526,2000-01-04 17:50:00
734,3,115,35.006,0.84,100.0,449.44,555.96,1363.82,1130.4,5.48,7.99,195.3,2223.04,8355.8,1.03,41.66,184.51,2388.12,8077.27,9.2275,0.02,335,2223,100.0,14.9,8.9598,2000-01-06 02:20:00
482,2,162,42.0076,0.84,100.0,445.0,549.62,1356.89,1128.49,3.91,5.72,138.53,2211.89,8315.69,1.02,42.02,130.41,2387.92,8081.71,9.3541,0.02,330,2212,100.0,10.48,6.3066,2000-01-04 08:20:00
523,2,203,25.0024,0.6206,60.0,462.54,537.3,1263.03,1049.22,7.05,9.03,175.38,1915.39,8008.77,0.94,36.82,164.42,2028.24,7871.47,10.8758,0.02,307,1915,84.93,14.27,8.5427,2000-01-04 15:10:00
844,3,225,42.00100000000001,0.8413,100.0,445.0,549.11,1355.17,1125.82,3.91,5.7,139.66,2212.15,8337.88,1.03,42.06,131.85,2388.21,8101.86,9.2629,0.02,332,2212,100.0,10.67,6.3382,2000-01-06 20:40:00
614,2,294,0.0006,0.0008,100.0,518.67,643.88,1593.31,1434.23,14.62,21.61,551.27,2388.28,9076.48,1.3,48.16,519.91,2388.28,8139.92,8.5105,0.03,396,2388,100.0,38.53,23.1601,2000-01-05 06:20:00
213,1,214,25.0035,0.62,60.0,462.54,536.59,1261.02,1044.6,7.05,9.01,175.8,1915.37,8011.26,0.94,36.6,164.07,2028.24,7872.1,10.8204,0.02,306,1915,84.93,14.41,8.5856,2000-01-02 11:30:00
658,3,39,25.0022,0.6211,60.0,462.54,536.84,1256.16,1048.08,7.05,9.01,175.96,1915.41,8009.67,0.94,36.4,165.6,2028.26,7880.33,10.7715,0.02,306,1915,84.93,14.13,8.6263,2000-01-05 13:40:00
735,3,116,25.0034,0.62,60.0,462.54,536.56,1257.1,1048.28,7.05,9.01,175.9,1915.44,8014.52,0.94,36.32,165.26,2028.3,7875.31,10.8137,0.02,304,1915,84.93,14.29,8.5399,2000-01-06 02:30:00
31,1,32,35.0063,0.84,100.0,449.44,554.87,1349.83,1117.86,5.48,7.97,193.77,2222.81,8346.2,1.02,41.33,182.53,2387.92,8062.45,9.3194,0.02,331,2223,100.0,15.12,8.9317,2000-01-01 05:10:00
390,2,70,9.9993,0.2508,100.0,489.05,604.9,1504.04,1306.32,10.52,15.49,395.38,2318.89,8777.8,1.26,45.31,372.4,2388.03,8126.94,8.6117,0.03,367,2319,100.0,28.75,17.2308,2000-01-03 17:00:00
760,3,141,42.0057,0.84,100.0,445.0,548.99,1341.15,1118.49,3.91,5.71,139.04,2212.0,8333.59,1.03,41.96,130.73,2388.14,8096.99,9.2797,0.02,330,2212,100.0,10.78,6.4552,2000-01-06 06:40:00
657,3,38,35.0011,0.84,100.0,449.44,555.06,1362.46,1126.37,5.48,7.99,195.47,2223.03,8360.29,1.03,41.81,183.44,2388.11,8066.94,9.2512,0.02,333,2223,100.0,14.94,9.0608,2000-01-05 13:30:00
718,3,99,25.0056,0.62,60.0,462.54,536.53,1261.39,1045.65,7.05,9.02,176.21,1915.43,8007.12,0.94,36.49,165.81,2028.33,7879.75,10.8297,0.02,306,1915,84.93,14.39,8.5882,2000-01-05 23:40:00
784,3,165,35.0011,0.84,100.0,449.44,555.27,1361.24,1130.95,5.48,7.99,195.95,2223.11,8360.62,1.03,41.72,184.38,2388.16,8073.8,9.2371,0.02,332,2223,100.0,15.1,9.0651,2000-01-06 10:40:00
203,1,204,42.0005,0.84,100.0,445.0,549.11,1347.56,1115.33,3.91,5.69,138.18,2212.03,8318.21,1.02,41.69,130.25,2388.08,8083.19,9.362,0.02,331,2212,100.0,10.68,6.311,2000-01-02 09:50:00
359,2,39,10.0071,0.25,100.0,489.05,604.31,1494.42,1298.36,10.52,15.49,395.24,2318.83,8779.74,1.26,45.28,371.96,2388.03,8127.25,8.5914,0.03,369,2319,100.0,28.4,17.198,2000-01-03 11:50:00
717,3,98,10.0029,0.2515,100.0,489.05,604.46,1502.16,1298.41,10.52,15.48,396.21,2318.96,8791.09,1.26,45.25,373.1,2388.07,8135.8,8.5852,0.03,368,2319,100.0,28.9,17.2293,2000-01-05 23:30:00
757,3,138,24.999,0.6208,60.0,462.54,536.76,1262.06,1048.29,7.05,9.02,176.83,1915.41,8020.19,0.94,36.62,164.92,2028.27,7879.46,10.8114,0.02,307,1915,84.93,14.26,8.6944,2000-01-06 06:10:00
436,2,116,42.0011,0.84,100.0,445.0,549.62,1345.98,1122.12,3.91,5.71,138.55,2211.84,8318.22,1.02,41.92,130.7,2387.87,8077.75,9.3314,0.02,331,2212,100.0,10.49,6.3718,2000-01-04 00:40:00
135,1,136,19.9984,0.7004,100.0,491.19,606.8,1478.85,1233.36,9.35,13.61,333.0,2323.72,8713.36,1.07,43.72,313.44,2387.85,8056.84,9.1891,0.02,362,2324,100.0,24.41,14.6817,2000-01-01 22:30:00
430,2,110,0.0028,0.0,100.0,518.67,641.9,1586.19,1402.49,14.62,21.61,554.11,2388.05,9053.69,1.3,47.18,522.07,2388.02,8133.99,8.4273,0.03,392,2388,100.0,38.85,23.3925,2000-01-03 23:40:00
724,3,105,19.9995,0.7005,100.0,491.19,607.02,1478.05,1244.46,9.35,13.64,336.75,2323.98,8728.04,1.08,44.23,316.91,2388.11,8068.43,9.1293,0.02,365,2324,100.0,24.63,14.7334,2000-01-06 00:40:00
642,3,23,42.0025,0.84,100.0,445.0,548.83,1346.29,1113.11,3.91,5.7,139.16,2211.95,8325.81,1.02,42.03,130.79,2388.09,8088.39,9.3039,0.02,330,2212,100.0,10.62,6.2996,2000-01-05 11:00:00
406,2,86,20.0066,0.7,100.0,491.19,607.41,1475.23,1241.91,9.35,13.65,334.59,2323.93,8717.26,1.08,44.15,315.29,2388.04,8053.72,9.1984,0.02,364,2324,100.0,24.65,14.7602,2000-01-03 19:40:00
738,3,119,0.0005,0.0,100.0,518.67,641.64,1583.19,1395.92,14.62,21.6,557.36,2388.07,9062.32,1.3,47.49,525.23,2388.05,8145.27,8.3435,0.03,392,2388,100.0,39.05,23.5285,2000-01-06 03:00:00
752,3,133,25.0071,0.6207,60.0,462.54,536.73,1256.07,1037.27,7.05,9.02,176.84,1915.49,8016.27,0.94,36.52,165.17,2028.36,7879.57,10.8002,0.02,308,1915,84.93,14.31,8.6881,2000-01-06 05:20:00
848,3,229,9.9985,0.2519,100.0,489.05,605.09,1498.77,1302.17,10.52,15.48,399.17,2319.11,8810.61,1.27,45.44,375.92,2388.34,8155.15,8.5124,0.03,370,2319,100.0,28.89,17.3343,2000-01-06 21:20:00
819,3,200,0.0002,0.0007,100.0,518.67,642.48,1593.82,1403.18,14.62,21.6,558.43,2388.14,9072.07,1.3,47.5,526.19,2388.14,8151.16,8.3185,0.03,390,2388,100.0,39.24,23.457,2000-01-06 16:30:00
444,2,124,19.9986,0.7001,100.0,491.19,607.31,1487.92,1243.37,9.35,13.65,334.99,2323.86,8721.8,1.08,44.27,315.52,2388.02,8058.86,9.1539,0.02,365,2324,100.0,24.64,14.7913,2000-01-04 02:00:00
507,2,187,25.0079,0.621,60.0,462.54,536.79,1267.5,1044.27,7.05,9.03,175.09,1915.31,8008.73,0.94,36.68,164.63,2028.24,7867.48,10.8825,0.02,306,1915,84.93,14.39,8.6029,2000-01-04 12:30:00
567,2,247,35.0026,0.8412,100.0,449.44,556.19,1372.84,1134.82,5.48,8.0,194.07,2223.02,8353.44,1.02,42.23,182.38,2388.15,8065.29,9.3679,0.02,335,2223,100.0,14.67,8.8561,2000-01-04 22:30:00
600,2,280,35.0039,0.8415,100.0,449.44,557.08,1376.88,1140.42,5.48,8.0,194.3,2223.05,8366.42,1.02,42.29,182.27,2388.16,8069.51,9.3743,0.02,337,2223,100.0,14.72,8.8314,2000-01-05 04:00:00
212,1,213,35.0074,0.84,100.0,449.44,555.73,1354.63,1113.96,5.48,7.98,194.94,2222.94,8348.13,1.02,41.64,183.36,2388.05,8069.55,9.2956,0.02,332,2223,100.0,14.96,8.9486,2000-01-02 11:20:00
8,1,9,42.0016,0.84,100.0,445.0,549.55,1342.85,1101.67,3.91,5.7,138.02,2211.9,8307.81,1.02,41.44,129.65,2388.0,8071.13,9.3384,0.02,328,2212,100.0,10.63,6.3055,2000-01-01 01:20:00
306,1,307,42.0038,0.84,100.0,445.0,549.93,1363.45,1137.96,3.91,5.69,141.34,2212.37,8363.26,1.04,42.5,133.13,2388.51,8125.15,9.1589,0.02,332,2212,100.0,10.81,6.459,2000-01-03 03:00:00
108,1,109,10.003,0.25,100.0,489.05,604.47,1488.78,1294.97,10.52,15.46,394.06,2318.66,8775.38,1.26,45.03,370.39,2387.88,8125.0,8.6277,0.03,369,2319,100.0,28.69,17.2045,2000-01-01 18:00:00
744,3,125,20.0033,0.7003,100.0,491.19,606.49,1484.78,1244.86,9.35,13.63,336.82,2323.94,8731.29,1.08,44.09,316.73,2388.18,8070.76,9.1229,0.02,365,2324,100.0,24.72,14.8731,2000-01-06 04:00:00
836,3,217,20.0019,0.7,100.0,491.19,607.46,1476.23,1250.39,9.35,13.64,338.26,2324.14,8741.9,1.08,44.46,317.47,2388.3,8076.99,9.0995,0.02,367,2324,100.0,24.97,14.8945,2000-01-06 19:20:00
176,1,177,19.9999,0.7011,100.0,491.19,606.63,1472.26,1237.47,9.35,13.61,333.76,2323.77,8709.96,1.07,43.88,314.35,2387.86,8057.58,9.1902,0.02,363,2324,100.0,24.53,14.6337,2000-01-02 05:20:00
703,3,84,9.9999,0.25,100.0,489.05,604.49,1494.74,1294.07,10.52,15.48,396.11,2318.89,8781.99,1.26,45.05,373.02,2388.09,8133.76,8.5869,0.03,368,2319,100.0,28.75,17.282,2000-01-05 21:10:00
674,3,55,9.9985,0.2509,100.0,489.05,604.54,1499.4,1308.08,10.52,15.48,396.18,2318.83,8776.65,1.26,45.29,372.91,2388.08,8133.39,8.5892,0.03,368,2319,100.0,28.74,17.2626,2000-01-05 16:20:00
248,1,249,42.0024,0.8409,100.0,445.0,548.95,1346.85,1118.97,3.91,5.69,140.21,2212.07,8324.3,1.02,41.77,130.68,2388.17,8093.56,9.2824,0.02,330,2212,100.0,10.68,6.3449,2000-01-02 17:20:00
45,1,46,0.002,0.0,100.0,518.67,642.87,1577.07,1404.99,14.62,21.58,551.15,2387.43,9036.5,1.3,47.14,519.26,2387.45,8120.96,8.4421,0.03,389,2388,100.0,38.95,23.1802,2000-01-01 07:30:00
159,1,160,0.0029,0.0009,100.0,518.67,642.06,1580.22,1393.23,14.62,21.58,553.3,2387.93,9053.32,1.3,47.13,521.49,2387.98,8129.08,8.3918,0.03,392,2388,100.0,39.2,23.5729,2000-01-02 02:30:00
266,1,267,20.0002,0.7,100.0,491.19,607.44,1479.5,1253.37,9.35,13.61,336.58,2324.06,8736.16,1.08,44.49,316.96,2388.18,8074.89,9.1133,0.02,366,2324,100.0,24.61,14.7606,2000-01-02 20:20:00
661,3,42,25.0007,0.62,60.0,462.54,536.6,1258.48,1040.24,7.05,9.01,176.61,1915.4,8014.27,0.94,36.64,165.04,2028.25,7879.6,10.8301,0.02,307,1915,84.93,14.21,8.6573,2000-01-05 14:10:00
80,1,81,20.0068,0.7005,100.0,491.19,606.94,1473.75,1233.96,9.35,13.61,332.48,2323.7,8713.87,1.07,43.87,313.92,2387.85,8054.25,9.18,0.02,364,2324,100.0,24.42,14.6309,2000-01-01 13:20:00
307,1,308,42.0074,0.8412,100.0,445.0,549.88,1357.0,1132.47,3.91,5.69,141.26,2212.46,8366.82,1.04,42.42,133.22,2388.48,8126.42,9.1432,0.02,332,2212,100.0,10.66,6.4843,2000-01-03 03:10:00
663,3,44,25.0066,0.6204,60.0,462.54,536.22,1258.21,1043.88,7.05,9.01,176.02,1915.38,8008.94,0.94,36.53,165.68,2028.37,7880.88,10.8142,0.02,305,1915,84.93,14.49,8.5888,2000-01-05 14:30:00
268,1,269,20.0059,0.7,100.0,491.19,607.65,1487.92,1252.67,9.35,13.6,337.09,2324.0,8740.45,1.08,44.41,316.67,2388.21,8075.13,9.1096,0.02,364,2324,100.0,24.7,14.7164,2000-01-02 20:40:00
517,2,197,0.0022,0.0014,100.0,518.67,642.69,1587.26,1409.53,14.62,21.61,553.56,2388.11,9050.08,1.3,47.45,521.44,2388.08,8136.6,8.433,0.03,394,2388,100.0,38.98,23.3108,2000-01-04 14:10:00
320,1,321,42.0058,0.84,100.0,445.0,549.71,1368.61,1147.0,3.91,5.7,143.06,2212.51,8384.47,1.05,42.56,134.79,2388.61,8138.46,9.1322,0.02,335,2212,100.0,10.81,6.459,2000-01-03 05:20:00
645,3,26,25.0017,0.62,60.0,462.54,536.74,1254.15,1037.46,7.05,9.01,176.28,1915.36,8008.24,0.94,36.39,165.35,2028.24,7874.86,10.8214,0.02,308,1915,84.93,14.27,8.5793,2000-01-05 11:30:00
267,1,268,0.0009,0.0002,100.0,518.67,642.58,1594.92,1399.39,14.62,21.58,559.32,2388.17,9073.34,1.31,47.34,527.07,2388.13,8152.64,8.3204,0.03,394,2388,100.0,39.37,23.5567,2000-01-02 20:30:00
97,1,98,10.0022,0.2515,100.0,489.05,604.08,1495.81,1303.74,10.52,15.47,393.61,2318.65,8755.21,1.26,44.94,370.9,2387.86,8129.98,8.6377,0.03,369,2319,100.0,28.55,17.1995,2000-01-01 16:10:00
536,2,216,42.00100000000001,0.84,100.0,445.0,549.87,1355.82,1132.12,3.91,5.71,138.6,2211.87,8322.39,1.02,42.18,130.1,2387.99,8083.08,9.4086,0.02,331,2212,100.0,10.38,6.3828,2000-01-04 17:20:00
404,2,84,41.99800000000001,0.8419,100.0,445.0,549.18,1344.75,1121.46,3.91,5.72,138.46,2211.88,8316.03,1.02,42.05,130.64,2387.91,8079.79,9.3356,0.02,329,2212,100.0,10.65,6.4072,2000-01-03 19:20:00
249,1,250,35.0048,0.84,100.0,449.44,554.89,1357.53,1122.6,5.48,7.97,195.61,2223.07,8355.65,1.03,41.7,184.67,2388.24,8076.85,9.2412,0.02,334,2223,100.0,15.0,9.0137,2000-01-02 17:30:00
18,1,19,20.0031,0.7,100.0,491.19,606.65,1472.33,1237.74,9.35,13.61,332.99,2323.67,8710.08,1.07,43.98,312.78,2387.8,8052.35,9.2416,0.02,363,2324,100.0,24.14,14.6014,2000-01-01 03:00:00
497,2,177,25.0024,0.62,60.0,462.54,536.99,1255.83,1053.04,7.05,9.03,175.66,1915.36,8011.85,0.94,36.65,165.0,2028.21,7873.73,10.8943,0.02,308,1915,84.93,14.29,8.5773,2000-01-04 10:50:00
508,2,188,42.0066,0.84,100.0,445.0,549.54,1357.89,1132.36,3.91,5.71,138.53,2211.88,8314.82,1.02,42.06,130.84,2387.97,8086.17,9.3594,0.02,332,2212,100.0,10.56,6.4369,2000-01-04 12:40:00
166,1,167,20.0061,0.7,100.0,491.19,607.12,1467.56,1241.36,9.35,13.61,333.87,2323.76,8713.3,1.07,44.03,314.03,2387.88,8056.28,9.1756,0.02,361,2324,100.0,24.51,14.7196,2000-01-02 03:40:00
25,1,26,19.9999,0.7,100.0,491.19,606.21,1477.25,1241.63,9.35,13.61,332.88,2323.73,8707.52,1.07,43.72,313.13,2387.83,8057.07,9.2044,0.02,363,2324,100.0,24.4,14.6063,2000-01-01 04:10:00
492,2,172,0.0028,0.0,100.0,518.67,642.8,1592.74,1403.79,14.62,21.61,553.19,2388.1,9054.33,1.3,47.35,521.91,2388.08,8132.57,8.4205,0.03,392,2388,100.0,38.89,23.3759,2000-01-04 10:00:00
545,2,225,0.0015,0.0,100.0,518.67,642.79,1596.66,1411.56,14.62,21.61,553.57,2388.04,9061.46,1.3,47.68,521.39,2388.07,8133.7,8.4303,0.03,395,2388,100.0,38.66,23.2301,2000-01-04 18:50:00
71,1,72,42.0007,0.84,100.0,445.0,548.97,1351.21,1112.23,3.91,5.7,138.63,2211.95,8308.92,1.02,41.76,129.71,2387.99,8078.28,9.3343,0.02,328,2212,100.0,10.68,6.431,2000-01-01 11:50:00
275,1,276,42.0047,0.8420000000000001,100.0,445.0,548.97,1353.03,1127.3,3.91,5.69,139.75,2212.24,8333.51,1.03,42.12,131.72,2388.24,8102.5,9.2316,0.02,331,2212,100.0,10.6,6.4066,2000-01-02 21:50:00
801,3,182,34.9999,0.84,100.0,449.44,556.19,1366.62,1124.8,5.48,7.99,195.73,2223.12,8358.81,1.03,41.95,184.15,2388.2,8077.95,9.1943,0.02,334,2223,100.0,15.0,8.9836,2000-01-06 13:30:00
577,2,257,42.0002,0.8420000000000001,100.0,445.0,549.61,1362.26,1132.34,3.91,5.72,138.25,2211.93,8325.6,1.02,42.37,130.65,2388.03,8093.22,9.3798,0.02,332,2212,100.0,10.33,6.2701,2000-01-05 00:10:00
681,3,62,0.003,0.0005,100.0,518.67,641.96,1585.78,1399.39,14.62,21.6,555.5,2388.07,9061.47,1.3,47.32,524.25,2388.06,8143.54,8.3494,0.03,392,2388,100.0,39.24,23.6131,2000-01-05 17:30:00
169,1,170,0.0007,0.0,100.0,518.67,641.85,1584.59,1390.28,14.62,21.58,553.44,2387.99,9054.14,1.3,47.1,520.78,2387.96,8127.85,8.4065,0.03,388,2388,100.0,39.0,23.4781,2000-01-02 04:10:00
75,1,76,20.0005,0.7007,100.0,491.19,606.66,1474.37,1230.09,9.35,13.61,332.67,2323.7,8724.32,1.07,43.85,312.88,2387.89,8053.53,9.1911,0.02,363,2324,100.0,24.48,14.7474,2000-01-01 12:30:00
712,3,93,42.0027,0.84,100.0,445.0,549.33,1356.03,1124.48,3.91,5.7,138.7,2211.99,8334.02,1.02,41.84,131.0,2388.09,8091.29,9.3098,0.02,329,2212,100.0,10.66,6.3553,2000-01-05 22:40:00
620,3,1,20.0064,0.7005,100.0,491.19,606.99,1481.38,1244.7,9.35,13.63,336.33,2323.91,8726.27,1.08,44.08,316.12,2388.09,8061.99,9.1575,0.02,364,2324,100.0,24.5,14.6715,2000-01-05 07:20:00
305,1,306,10.0007,0.25,100.0,489.05,605.24,1504.78,1321.7,10.52,15.46,401.75,2319.34,8820.97,1.27,45.72,378.11,2388.55,8164.4,8.5035,0.03,371,2319,100.0,28.87,17.3601,2000-01-03 02:50:00
354,2,34,0.0029,0.0,100.0,518.67,641.89,1586.55,1404.47,14.62,21.61,554.84,2388.04,9049.53,1.3,47.35,521.94,2388.0,8130.69,8.3922,0.03,392,2388,100.0,39.03,23.4295,2000-01-03 11:00:00
765,3,146,0.0018,0.0003,100.0,518.67,642.49,1589.18,1397.21,14.62,21.6,556.74,2388.11,9057.76,1.3,47.38,525.05,2388.02,8139.69,8.3326,0.03,392,2388,100.0,39.08,23.5588,2000-01-06 07:30:00
690,3,71,41.9986,0.84,100.0,445.0,549.65,1349.68,1114.21,3.91,5.7,140.09,2212.06,8330.94,1.03,41.98,131.03,2388.1,8090.58,9.305,0.02,329,2212,100.0,10.64,6.2896,2000-01-05 19:00:00
380,2,60,42.0043,0.84,100.0,445.0,549.08,1356.98,1113.03,3.91,5.71,138.72,2211.91,8313.87,1.02,41.68,130.52,2387.99,8080.12,9.3183,0.02,328,2212,100.0,10.54,6.4908,2000-01-03 15:20:00
511,2,191,19.9981,0.7,100.0,491.19,607.66,1485.75,1249.98,9.35,13.66,334.64,2323.94,8721.75,1.07,44.31,314.93,2388.11,8063.23,9.2056,0.02,365,2324,100.0,24.46,14.7373,2000-01-04 13:10:00
68,1,69,0.0008,0.0,100.0,518.67,641.46,1579.82,1390.55,14.62,21.59,553.15,2387.96,9053.86,1.3,47.14,520.54,2387.93,8129.57,8.4031,0.03,391,2388,100.0,39.06,23.3688,2000-01-01 11:20:00
774,3,155,42.0063,0.84,100.0,445.0,549.47,1349.39,1118.51,3.91,5.7,139.46,2212.08,8326.02,1.03,42.03,131.65,2388.14,8093.46,9.2865,0.02,332,2212,100.0,10.62,6.4379,2000-01-06 09:00:00
276,1,277,0.0018,0.0015,100.0,518.67,642.99,1589.05,1400.1,14.62,21.58,560.51,2388.16,9078.18,1.31,47.55,528.02,2388.2,8159.14,8.3149,0.03,392,2388,100.0,39.23,23.5959,2000-01-02 22:00:00
594,2,274,41.999,0.84,100.0,445.0,549.54,1360.74,1140.92,3.91,5.72,138.87,2211.9,8331.33,1.02,42.51,129.88,2388.03,8094.48,9.4118,0.02,332,2212,100.0,10.56,6.3555,2000-01-05 03:00:00
175,1,176,0.002,0.0,100.0,518.67,642.42,1583.99,1390.07,14.62,21.58,553.95,2388.01,9046.63,1.3,47.03,520.47,2387.96,8133.57,8.3899,0.03,390,2388,100.0,39.16,23.2878,2000-01-02 05:10:00
216,1,217,0.002,0.0,100.0,518.67,642.1,1574.14,1398.44,14.62,21.58,554.81,2388.02,9057.94,1.3,47.15,522.64,2388.02,8139.46,8.343,0.03,392,2388,100.0,38.93,23.3649,2000-01-02 12:00:00
572,2,252,10.0044,0.2504,100.0,489.05,605.28,1501.94,1320.7,10.52,15.49,394.05,2318.99,8783.62,1.26,45.74,370.62,2388.25,8129.74,8.7041,0.03,372,2319,100.0,28.53,17.0557,2000-01-04 23:20:00
824,3,205,35.0075,0.84,100.0,449.44,555.21,1360.13,1125.26,5.48,7.99,196.09,2223.14,8365.02,1.03,41.95,184.3,2388.26,8079.6,9.1802,0.02,333,2223,100.0,15.01,8.9102,2000-01-06 17:20:00
475,2,155,24.9996,0.6207,60.0,462.54,536.74,1263.44,1043.59,7.05,9.02,175.67,1915.29,8008.53,0.94,36.52,164.5,2028.23,7872.16,10.8701,0.02,307,1915,84.93,14.39,8.5646,2000-01-04 07:10:00
851,3,232,20.0056,0.7,100.0,491.19,607.4,1488.09,1250.29,9.35,13.64,338.69,2324.23,8746.1,1.08,44.39,318.21,2388.38,8079.4,9.0891,0.02,366,2324,100.0,24.66,14.8373,2000-01-06 21:50:00
372,2,52,25.0065,0.62,60.0,462.54,536.55,1261.04,1036.91,7.05,9.03,175.04,1915.31,8003.51,0.94,36.56,165.54,2028.2,7873.02,10.8458,0.02,306,1915,84.93,14.37,8.6849,2000-01-03 14:00:00
177,1,178,35.0062,0.84,100.0,449.44,554.86,1361.43,1118.14,5.48,7.97,193.92,2222.91,8341.49,1.02,41.69,182.6,2387.99,8065.5,9.2727,0.02,332,2223,100.0,14.82,8.9495,2000-01-02 05:30:00
202,1,203,42.0037,0.8404,100.0,445.0,548.94,1353.26,1116.27,3.91,5.69,137.64,2211.97,8326.18,1.02,41.96,129.69,2388.08,8085.69,9.3113,0.02,330,2212,100.0,10.66,6.3265,2000-01-02 09:40:00
728,3,109,34.9993,0.84,100.0,449.44,555.18,1362.93,1126.8,5.48,7.99,194.99,2223.0,8354.6,1.02,41.59,183.93,2388.09,8070.11,9.2122,0.02,334,2223,100.0,14.87,9.0721,2000-01-06 01:20:00
3,1,4,42.0,0.84,100.0,445.0,548.7,1341.24,1118.03,3.91,5.7,137.98,2211.88,8312.35,1.02,41.68,129.8,2388.02,8076.05,9.3369,0.02,328,2212,100.0,10.54,6.4176,2000-01-01 00:30:00
263,1,264,35.0005,0.8411,100.0,449.44,555.31,1363.46,1128.57,5.48,7.97,195.67,2223.15,8371.53,1.03,41.91,184.18,2388.26,8084.44,9.2102,0.02,333,2223,100.0,14.86,8.985,2000-01-02 19:50:00
446,2,126,10.0007,0.2505,100.0,489.05,603.87,1497.76,1310.74,10.52,15.49,394.94,2318.89,8767.57,1.26,45.2,371.92,2388.09,8126.26,8.6611,0.03,370,2319,100.0,28.47,17.2254,2000-01-04 02:20:00
472,2,152,20.0073,0.7014,100.0,491.19,607.08,1485.12,1247.8,9.35,13.65,334.82,2323.93,8720.53,1.08,44.44,315.23,2388.11,8050.85,9.214,0.02,365,2324,100.0,24.53,14.7061,2000-01-04 06:40:00
462,2,142,35.0022,0.8413,100.0,449.44,555.88,1369.41,1126.87,5.48,8.0,194.31,2222.91,8341.57,1.02,41.83,182.97,2387.95,8070.29,9.2772,0.02,335,2223,100.0,15.08,8.9247,2000-01-04 05:00:00
261,1,262,20.0048,0.7,100.0,491.19,607.63,1481.14,1245.43,9.35,13.6,336.67,2324.05,8735.75,1.08,44.24,316.41,2388.13,8074.94,9.1391,0.02,365,2324,100.0,24.49,14.7044,2000-01-02 19:30:00
251,1,252,42.0004,0.8408,100.0,445.0,549.18,1345.19,1116.2,3.91,5.69,139.2,2212.11,8319.91,1.02,41.89,130.67,2388.16,8093.13,9.2582,0.02,329,2212,100.0,10.86,6.4285,2000-01-02 17:50:00
93,1,94,9.9987,0.2513,100.0,489.05,604.23,1492.53,1295.91,10.52,15.47,393.14,2318.68,8770.96,1.26,44.96,370.77,2387.92,8127.89,8.6593,0.03,368,2319,100.0,28.64,17.12,2000-01-01 15:30:00
675,3,56,25.0023,0.6207,60.0,462.54,536.67,1260.47,1042.25,7.05,9.01,175.44,1915.4,8013.8,0.94,36.47,165.31,2028.24,7873.05,10.8266,0.02,305,1915,84.93,14.29,8.5714,2000-01-05 16:30:00
226,1,227,42.0064,0.84,100.0,445.0,549.19,1345.9,1120.52,3.91,5.69,139.32,2212.01,8328.29,1.02,41.99,131.13,2388.12,8089.98,9.3128,0.02,330,2212,100.0,10.58,6.4738,2000-01-02 13:40:00
24,1,25,42.0067,0.8413,100.0,445.0,549.12,1342.18,1115.02,3.91,5.7,138.85,2211.87,8305.97,1.02,41.7,130.08,2387.96,8071.47,9.3253,0.02,329,2212,100.0,10.46,6.3247,2000-01-01 04:00:00
783,3,164,42.0028,0.84,100.0,445.0,549.25,1350.13,1117.95,3.91,5.7,139.61,2212.01,8328.88,1.03,41.96,131.12,2388.16,8093.21,9.2801,0.02,329,2212,100.0,10.67,6.4151,2000-01-06 10:30:00
637,3,18,35.0028,0.84,100.0,449.44,555.49,1361.21,1126.03,5.48,7.99,195.66,2223.04,8346.46,1.02,41.8,183.98,2388.08,8070.94,9.2454,0.02,334,2223,100.0,14.98,8.9608,2000-01-05 10:10:00
665,3,46,0.0019,0.0,100.0,518.67,642.05,1585.6,1394.05,14.62,21.6,556.0,2388.06,9063.02,1.3,47.28,523.65,2388.09,8142.11,8.3399,0.03,391,2388,100.0,38.97,23.5484,2000-01-05 14:50:00
200,1,201,0.0024,0.0,100.0,518.67,641.85,1583.2,1397.76,14.62,21.58,554.19,2387.98,9049.68,1.3,47.0,521.59,2387.91,8139.36,8.3595,0.03,391,2388,100.0,38.97,23.3957,2000-01-02 09:20:00
716,3,97,35.0038,0.8403,100.0,449.44,555.63,1364.31,1122.34,5.48,7.99,194.98,2223.01,8357.44,1.03,41.63,183.57,2388.14,8069.67,9.2227,0.02,333,2223,100.0,15.05,9.0023,2000-01-05 23:20:00
15,1,16,20.0006,0.7012,100.0,491.19,606.15,1473.82,1246.43,9.35,13.61,333.02,2323.69,8716.98,1.07,43.84,312.96,2387.86,8050.95,9.1945,0.02,361,2324,100.0,24.54,14.6804,2000-01-01 02:30:00
257,1,258,25.0004,0.6217,60.0,462.54,537.15,1255.24,1043.9,7.05,9.0,176.09,1915.48,8007.85,0.94,36.45,165.7,2028.35,7875.23,10.7976,0.02,307,1915,84.93,14.46,8.4971,2000-01-02 18:50:00
14,1,15,25.0,0.62,60.0,462.54,536.12,1259.02,1037.54,7.05,9.01,174.83,1915.23,8004.94,0.94,36.43,163.43,2028.11,7863.73,10.9008,0.02,304,1915,84.93,14.27,8.5551,2000-01-01 02:20:00
333,2,13,19.9982,0.7,100.0,491.19,607.13,1480.0,1245.08,9.35,13.65,335.1,2323.89,8717.54,1.08,44.16,315.3,2388.02,8055.42,9.1775,0.02,364,2324,100.0,24.64,14.717,2000-01-03 07:30:00
229,1,230,34.999,0.84,100.0,449.44,555.1,1365.81,1122.93,5.48,7.97,194.78,2222.96,8356.18,1.02,41.9,183.4,2388.07,8065.63,9.2427,0.02,332,2223,100.0,15.02,8.8697,2000-01-02 14:10:00
733,3,114,35.0003,0.84,100.0,449.44,555.32,1356.04,1116.26,5.48,7.99,195.8,2223.02,8356.83,1.03,41.67,184.04,2388.14,8076.63,9.2566,0.02,332,2223,100.0,14.95,8.8597,2000-01-06 02:10:00
525,2,205,10.0037,0.2513,100.0,489.05,604.62,1499.25,1303.68,10.52,15.49,394.97,2318.94,8776.66,1.26,45.52,371.34,2388.15,8133.43,8.6485,0.03,370,2319,100.0,28.63,17.1697,2000-01-04 15:30:00
846,3,227,0.0004,0.0002,100.0,518.67,642.89,1584.73,1407.82,14.62,21.6,560.02,2388.19,9076.28,1.31,47.33,527.51,2388.2,8156.64,8.334,0.03,394,2388,100.0,39.35,23.592,2000-01-06 21:00:00
432,2,112,25.0009,0.6209,60.0,462.54,536.46,1263.65,1045.01,7.05,9.03,175.76,1915.3,8004.22,0.94,36.58,164.84,2028.2,7872.97,10.8806,0.02,306,1915,84.93,14.28,8.6015,2000-01-04 00:00:00
780,3,161,41.9982,0.84,100.0,445.0,549.48,1348.4,1110.27,3.91,5.7,138.89,2212.06,8332.39,1.03,41.89,131.57,2388.16,8092.52,9.2584,0.02,329,2212,100.0,10.69,6.2747,2000-01-06 10:00:00
816,3,197,0.0009,0.0009,100.0,518.67,642.75,1586.11,1399.26,14.62,21.6,558.92,2388.13,9068.33,1.3,47.41,526.33,2388.13,8151.03,8.3639,0.03,392,2388,100.0,38.99,23.5181,2000-01-06 16:00:00
526,2,206,35.0056,0.8402,100.0,449.44,555.53,1366.2,1129.42,5.48,8.0,194.95,2223.0,8360.62,1.02,41.94,183.33,2388.12,8067.07,9.3219,0.02,333,2223,100.0,14.84,8.8497,2000-01-04 15:40:00
805,3,186,25.0007,0.6218,60.0,462.54,536.86,1255.79,1042.82,7.05,9.01,176.18,1915.48,8024.07,0.94,36.68,165.63,2028.39,7881.58,10.8007,0.02,307,1915,84.93,14.35,8.649,2000-01-06 14:10:00
99,1,100,35.0077,0.84,100.0,449.44,555.41,1362.76,1117.42,5.48,7.97,193.17,2222.83,8331.29,1.02,41.46,181.85,2387.9,8060.14,9.2897,0.02,329,2223,100.0,14.87,8.7767,2000-01-01 16:30:00
576,2,256,25.0025,0.6203,60.0,462.54,536.98,1266.03,1061.79,7.05,9.03,175.28,1915.34,8011.84,0.94,37.15,164.34,2028.26,7876.06,10.9884,0.02,310,1915,84.93,14.44,8.6792,2000-01-05 00:00:00
809,3,190,19.999,0.7,100.0,491.19,607.05,1486.42,1249.66,9.35,13.63,337.17,2324.04,8718.05,1.08,44.2,317.22,2388.2,8075.72,9.1018,0.02,365,2324,100.0,24.74,14.8875,2000-01-06 14:50:00
697,3,78,42.0007,0.84,100.0,445.0,548.37,1354.61,1125.22,3.91,5.71,138.87,2211.97,8323.78,1.03,41.84,131.01,2388.09,8090.65,9.2709,0.02,330,2212,100.0,10.49,6.3863,2000-01-05 20:10:00
759,3,140,24.9997,0.6217,60.0,462.54,536.35,1261.91,1042.28,7.05,9.02,176.3,1915.47,8016.83,0.94,36.62,165.18,2028.35,7878.78,10.7831,0.02,306,1915,84.93,14.39,8.6157,2000-01-06 06:30:00
316,1,317,0.0014,0.0014,100.0,518.67,643.45,1599.21,1416.74,14.62,21.58,566.7,2388.48,9114.46,1.32,47.98,534.1,2388.47,8184.95,8.276,0.03,396,2388,100.0,39.58,23.6562,2000-01-03 04:40:00
698,3,79,25.005,0.6201,60.0,462.54,536.71,1251.69,1036.48,7.05,9.01,175.67,1915.38,8009.99,0.94,36.67,164.92,2028.29,7877.44,10.8386,0.02,307,1915,84.93,14.44,8.6507,2000-01-05 20:20:00
271,1,272,25.0,0.6216,60.0,462.54,536.35,1259.96,1044.78,7.05,9.0,176.96,1915.48,8022.24,0.94,36.62,165.29,2028.39,7883.6,10.771,0.02,305,1915,84.93,14.42,8.6392,2000-01-02 21:10:00
57,1,58,42.0047,0.84,100.0,445.0,549.06,1341.57,1106.69,3.91,5.7,138.78,2211.87,8305.27,1.02,41.75,130.18,2387.96,8076.8,9.3639,0.02,327,2212,100.0,10.54,6.275,2000-01-01 09:30:00
636,3,17,9.9995,0.2509,100.0,489.05,604.26,1493.77,1301.76,10.52,15.48,395.87,2318.91,8774.69,1.26,45.14,372.97,2388.08,8132.6,8.6165,0.03,370,2319,100.0,28.83,17.2655,2000-01-05 10:00:00
683,3,64,25.0013,0.62,60.0,462.54,536.56,1253.42,1042.99,7.05,9.01,176.7,1915.36,8011.31,0.94,36.54,165.04,2028.3,7877.54,10.8164,0.02,307,1915,84.93,14.41,8.5929,2000-01-05 17:50:00
144,1,145,10.0003,0.2507,100.0,489.05,604.5,1490.23,1302.75,10.52,15.46,393.97,2318.73,8770.42,1.26,45.04,370.46,2387.91,8126.56,8.616,0.03,368,2319,100.0,28.6,17.2085,2000-01-02 00:00:00
807,3,188,42.0014,0.84,100.0,445.0,549.51,1351.65,1126.54,3.91,5.71,139.28,2212.15,8327.85,1.03,42.04,132.03,2388.15,8094.93,9.2667,0.02,330,2212,100.0,10.69,6.3867,2000-01-06 14:30:00
689,3,70,41.9993,0.8408,100.0,445.0,548.71,1349.51,1116.8,3.91,5.7,139.07,2212.02,8315.23,1.02,41.86,131.22,2388.07,8091.2,9.3119,0.02,330,2212,100.0,10.69,6.3141,2000-01-05 18:50:00
158,1,159,25.0015,0.62,60.0,462.54,536.91,1259.86,1042.78,7.05,9.0,175.17,1915.32,8007.18,0.94,36.58,163.87,2028.16,7870.52,10.8658,0.02,306,1915,84.93,14.24,8.7162,2000-01-02 02:20:00
381,2,61,24.9999,0.6201,60.0,462.54,536.59,1254.97,1043.26,7.05,9.03,176.04,1915.26,8011.62,0.94,36.7,164.66,2028.19,7871.38,10.8503,0.02,307,1915,84.93,14.35,8.6672,2000-01-03 15:30:00
117,1,118,9.9991,0.25,100.0,489.05,604.02,1494.48,1294.74,10.52,15.46,393.56,2318.74,8770.31,1.25,45.03,370.35,2387.9,8120.94,8.6331,0.03,366,2319,100.0,28.52,17.175,2000-01-01 19:30:00
413,2,93,0.0016,0.0,100.0,518.67,642.2,1581.4,1406.87,14.62,21.61,554.47,2388.02,9047.32,1.3,47.47,521.7,2388.03,8131.08,8.4093,0.03,393,2388,100.0,38.94,23.433000000000003,2000-01-03 20:50:00
317,1,318,10.0046,0.25,100.0,489.05,605.56,1509.31,1324.42,10.52,15.46,403.67,2319.53,8831.26,1.27,46.03,380.6,2388.74,8179.79,8.4656,0.03,374,2319,100.0,28.77,17.4422,2000-01-03 04:50:00
88,1,89,20.0045,0.7,100.0,491.19,606.67,1483.0,1246.45,9.35,13.62,333.57,2323.78,8711.38,1.07,44.01,313.33,2387.85,8053.25,9.1871,0.02,364,2324,100.0,24.63,14.7623,2000-01-01 14:40:00
570,2,250,19.9997,0.7,100.0,491.19,607.47,1481.16,1250.57,9.35,13.66,334.17,2324.07,8723.65,1.07,44.58,315.09,2388.2,8063.3,9.2713,0.02,366,2324,100.0,24.23,14.6756,2000-01-04 23:00:00
755,3,136,35.0029,0.8418,100.0,449.44,555.34,1362.52,1117.04,5.48,7.99,194.78,2223.02,8353.93,1.03,41.88,184.07,2388.06,8075.12,9.2379,0.02,333,2223,100.0,14.92,8.9395,2000-01-06 05:50:00
512,2,192,10.0028,0.25,100.0,489.05,605.19,1499.91,1307.04,10.52,15.49,394.74,2318.93,8772.67,1.26,45.38,371.56,2388.18,8123.07,8.6294,0.03,370,2319,100.0,28.29,17.0591,2000-01-04 13:20:00
382,2,62,0.0014,0.0,100.0,518.67,642.52,1581.01,1397.71,14.62,21.61,554.76,2388.05,9046.76,1.3,47.18,521.8,2388.03,8133.77,8.4142,0.03,392,2388,100.0,39.02,23.3679,2000-01-03 15:40:00
274,1,275,10.0064,0.25,100.0,489.05,604.48,1496.6,1306.66,10.52,15.46,397.55,2319.02,8800.78,1.26,45.57,374.73,2388.2,8144.53,8.5428,0.03,370,2319,100.0,28.91,17.2198,2000-01-02 21:40:00
6,1,7,0.0019,0.0001,100.0,518.67,641.83,1583.47,1393.89,14.62,21.58,552.45,2387.92,9050.5,1.3,46.94,520.48,2387.89,8127.92,8.396,0.03,391,2388,100.0,38.93,23.4578,2000-01-01 01:00:00
770,3,151,35.0026,0.841,100.0,449.44,555.08,1366.61,1121.57,5.48,7.99,194.79,2223.06,8362.22,1.03,41.8,184.9,2388.12,8080.91,9.2516,0.02,332,2223,100.0,14.88,8.972999999999997,2000-01-06 08:20:00
4,1,5,25.0063,0.6207,60.0,462.54,536.1,1255.23,1033.59,7.05,9.0,174.82,1915.22,7994.94,0.93,36.48,164.11,2028.08,7865.8,10.8366,0.02,305,1915,84.93,14.03,8.6754,2000-01-01 00:40:00
319,1,320,20.006,0.7002,100.0,491.19,607.24,1496.88,1266.21,9.35,13.61,343.77,2324.7,8781.14,1.09,45.01,323.53,2388.87,8108.6,9.0019,0.03,368,2324,100.0,24.9,15.0215,2000-01-03 05:10:00
40,1,41,25.0009,0.6201,60.0,462.54,536.55,1254.48,1036.99,7.05,9.01,174.52,1915.22,8001.9,0.94,36.38,164.3,2028.14,7860.14,10.887,0.02,305,1915,84.93,14.46,8.6234,2000-01-01 06:40:00
237,1,238,20.0044,0.7,100.0,491.19,606.95,1483.96,1245.64,9.35,13.6,335.17,2323.94,8731.97,1.08,44.17,315.69,2388.02,8070.89,9.1368,0.02,363,2324,100.0,24.7,14.6779,2000-01-02 15:30:00
210,1,211,10.0068,0.25,100.0,489.05,604.55,1494.3,1307.09,10.52,15.46,394.35,2318.79,8779.87,1.26,45.04,371.62,2387.98,8129.98,8.5945,0.03,369,2319,100.0,28.75,17.2493,2000-01-02 11:00:00
864,3,245,0.0021,0.0,100.0,518.67,642.44,1584.0,1404.13,14.62,21.6,561.44,2388.22,9082.02,1.31,47.61,528.24,2388.24,8158.62,8.3064,0.03,394,2388,100.0,39.32,23.5794,2000-01-07 00:00:00
211,1,212,35.001999999999995,0.8406,100.0,449.44,555.02,1355.18,1117.9,5.48,7.97,194.11,2222.97,8342.38,1.02,41.5,183.32,2388.01,8068.23,9.3152,0.02,331,2223,100.0,14.8,8.977,2000-01-02 11:10:00
608,2,288,42.0045,0.84,100.0,445.0,550.7,1364.22,1141.91,3.91,5.72,138.35,2211.92,8327.84,1.02,42.64,130.14,2387.98,8089.6,9.4403,0.02,332,2212,100.0,10.53,6.4089,2000-01-05 05:20:00
504,2,184,34.9995,0.8404,100.0,449.44,556.03,1363.52,1129.36,5.48,8.0,194.54,2222.93,8350.38,1.02,41.94,182.57,2388.05,8069.75,9.3001,0.02,333,2223,100.0,14.93,8.9224,2000-01-04 12:00:00
458,2,138,20.0047,0.7,100.0,491.19,606.91,1492.97,1242.61,9.35,13.65,335.82,2323.93,8722.63,1.08,44.33,314.97,2388.04,8059.02,9.183,0.02,365,2324,100.0,24.5,14.6179,2000-01-04 04:20:00
481,2,161,42.0002,0.84,100.0,445.0,549.37,1347.3,1126.88,3.91,5.72,138.14,2211.9,8321.86,1.02,42.02,130.56,2387.9,8074.62,9.3614,0.02,330,2212,100.0,10.53,6.3527,2000-01-04 08:10:00
812,3,193,10.0059,0.2504,100.0,489.05,604.79,1494.61,1310.4,10.52,15.48,397.24,2318.91,8791.41,1.26,45.19,374.47,2388.14,8141.0,8.5544,0.03,368,2319,100.0,28.79,17.3256,2000-01-06 15:20:00
303,1,304,42.0048,0.8406,100.0,445.0,549.63,1359.16,1133.32,3.91,5.69,141.2,2212.35,8362.35,1.04,42.13,132.31,2388.5,8123.32,9.1626,0.02,333,2212,100.0,10.62,6.4352,2000-01-03 02:30:00
64,1,65,0.0002,0.001,100.0,518.67,641.68,1576.52,1391.43,14.62,21.58,552.7,2387.96,9047.17,1.3,46.91,521.18,2387.92,8126.44,8.3885,0.03,389,2388,100.0,39.06,23.4061,2000-01-01 10:40:00
603,2,283,25.0002,0.62,60.0,462.54,537.03,1266.95,1060.13,7.05,9.03,176.29,1915.43,8027.01,0.94,37.01,164.3,2028.34,7880.54,10.9639,0.02,309,1915,84.93,14.2,8.4953,2000-01-05 04:30:00
363,2,43,9.9987,0.2511,100.0,489.05,604.92,1492.94,1298.75,10.52,15.49,395.69,2318.84,8772.06,1.26,45.23,372.19,2388.03,8129.69,8.6701,0.03,368,2319,100.0,28.65,17.2672,2000-01-03 12:30:00
311,1,312,35.0045,0.8401,100.0,449.44,556.27,1373.18,1144.22,5.48,7.97,198.81,2223.64,8399.85,1.04,42.29,186.93,2388.71,8112.69,9.1149,0.02,336,2223,100.0,15.19,9.0905,2000-01-03 03:50:00
701,3,82,25.0074,0.6203,60.0,462.54,536.42,1258.44,1042.28,7.05,9.02,176.0,1915.38,8011.28,0.94,36.57,165.53,2028.31,7872.96,10.8003,0.02,306,1915,84.93,14.25,8.6296,2000-01-05 20:50:00
265,1,266,25.0053,0.62,60.0,462.54,536.32,1260.36,1042.58,7.05,9.0,177.5,1915.57,8020.18,0.94,36.9,165.27,2028.34,7883.9,10.774,0.02,307,1915,84.93,14.27,8.6284,2000-01-02 20:10:00
471,2,151,0.0012,0.0004,100.0,518.67,642.47,1585.49,1393.29,14.62,21.61,553.58,2388.07,9046.99,1.3,47.39,522.05,2388.1,8132.37,8.4319,0.03,393,2388,100.0,38.82,23.2834,2000-01-04 06:30:00
98,1,99,41.9985,0.84,100.0,445.0,549.42,1346.47,1111.37,3.91,5.7,137.6,2211.91,8304.08,1.02,41.49,129.92,2388.06,8077.4,9.3458,0.02,329,2212,100.0,10.71,6.2607,2000-01-01 16:20:00
833,3,214,25.0034,0.6212,60.0,462.54,537.01,1261.92,1039.6,7.05,9.02,177.12,1915.53,8023.62,0.94,36.65,165.74,2028.45,7883.25,10.7806,0.02,307,1915,84.93,14.55,8.7334,2000-01-06 18:50:00
677,3,58,20.0044,0.7008,100.0,491.19,607.09,1479.02,1246.99,9.35,13.63,336.07,2323.92,8729.51,1.08,44.05,315.79,2388.03,8062.56,9.1738,0.02,363,2324,100.0,24.69,14.7236,2000-01-05 16:50:00
817,3,198,42.0024,0.8405,100.0,445.0,549.37,1351.6,1124.71,3.91,5.7,140.03,2212.06,8339.22,1.03,42.26,132.02,2388.16,8102.11,9.2538,0.02,330,2212,100.0,10.83,6.4586,2000-01-06 16:10:00
338,2,18,35.0061,0.84,100.0,449.44,554.6,1356.57,1123.0,5.48,8.0,194.36,2222.83,8341.14,1.02,41.75,183.59,2387.97,8070.8,9.252,0.02,333,2223,100.0,14.91,8.9103,2000-01-03 08:20:00
635,3,16,10.0018,0.25,100.0,489.05,604.09,1489.5,1303.05,10.52,15.48,395.04,2318.81,8785.68,1.26,45.03,373.04,2388.01,8133.88,8.5484,0.03,369,2319,100.0,28.56,17.2382,2000-01-05 09:50:00
277,1,278,10.0075,0.2508,100.0,489.05,604.82,1503.68,1312.63,10.52,15.46,398.33,2319.1,8800.48,1.26,45.4,375.09,2388.24,8147.97,8.5569,0.03,368,2319,100.0,28.84,17.3829,2000-01-02 22:10:00
